id,lon,lat,uniq_ident,Z
10015,37.53602,55.78819,11.0,2.572864356071129
69102,37.656093,55.802981,11.0,2.572864356071129
99353,37.633892,55.764679,16.0,5.7595086755204425
63703,37.635351,55.752103000000005,15.0,4.286810397687177
96839,37.351732,55.670592,10.0,2.477262306025293
20666,37.598165,55.767144,15.0,7.177658862908002
29960,37.604582,55.642976000000004,10.0,2.1443778456671168
79910,37.855331,55.812357000000006,10.0,2.1443778456671168
50280,37.637589,55.676384,10.0,2.729636253933505
11854,37.642528,55.762754,17.0,5.143783418495202
97626,37.422911,55.813174000000004,9.0,2.477262306025293
69985,37.420172,55.917831,11.0,2.572864356071129
50287,37.592384,55.76191,16.0,4.547559706885668
54800,37.62637,55.743052000000006,21.0,6.85772946011125
77794,37.506133,55.746715,7.0,2.1236617696161173
50694,37.586958,55.76017,9.0,4.244572464726974
37687,37.614968000000005,55.759071000000006,13.0,5.456521433361749
49233,37.600852,55.768568,19.0,6.971457644155219
87273,37.417010000000005,55.567528,10.0,2.1443778456671168
97261,37.640938,55.809785000000005,10.0,2.229873013557782
77269,37.515767000000004,55.715885,9.0,2.229873013557782
99527,37.504106,55.679683000000004,10.0,2.1443778456671168
59262,37.63594,55.746013000000005,13.0,6.365483159837831
35889,37.456429,55.898818000000006,10.0,2.1236617696161173
57829,37.652497000000004,55.670925000000004,10.0,2.1443778456671168
24057,37.619951,55.749833,15.0,7.274444886313912
97537,37.627179,55.741194,14.0,3.858323887283165
54979,37.61733,55.734554,15.0,4.286810397687177
97649,37.394105,55.854486,12.0,3.001350866475141
48388,37.620351,55.750126,19.0,7.274444886313912
76522,37.761508,55.688195,11.0,2.426649011774811
49612,37.386985,55.613848000000004,10.0,2.1443778456671168
34246,37.813232,55.848037000000005,10.0,2.1443778456671168
21815,37.355346000000004,55.612819,8.0,2.1236617696161173
66909,37.59076,55.753936,22.0,7.286215970515262
92976,37.442895,55.878637000000005,9.0,2.1236617696161173
41882,37.470241,55.788993000000005,8.0,2.229873013557782
80834,37.733034,55.919052,10.0,2.1236617696161173
49863,37.653155,55.742509000000005,10.0,2.729636253933505
10953,37.61905,55.744648000000005,11.0,4.244572464726974
76795,37.394578,55.744009000000005,10.0,2.1443778456671168
92404,37.614326,55.759228,15.0,5.456521433361749
52999,37.499474,55.627091,10.0,2.426649011774811
88477,37.445225,55.78866,10.0,2.1443778456671168
43340,37.555106,55.718344,40.0,14.998973157787479
65781,37.588455,55.745607,18.0,6.365483159837831
44463,37.619432,55.753425,15.0,5.153534191203056
81578,37.415637000000004,55.816544,9.0,2.1463555487930384
84415,37.615398,55.766112,11.0,3.6385979804095863
65417,37.612241000000004,55.747144000000006,11.0,2.572864356071129
51866,37.618469000000005,55.761142,19.0,6.365483159837831
60858,37.645456,55.740862,15.0,7.274444886313912
92692,37.539744,55.707372,9.0,2.1236617696161173
99872,37.614524,55.749717000000004,11.0,5.693323108102937
70543,37.38147,55.91344,10.0,2.1443778456671168
73597,37.590154,55.762462,11.0,5.445933815635426
80535,37.624731000000004,55.745981,15.0,7.274444886313912
93139,37.598926,55.743010000000005,14.0,3.858323887283165
92186,37.607615,55.768486,17.0,5.143783418495202
80651,37.515594,55.715771000000004,7.0,2.229873013557782
13204,37.592426,55.757929000000004,15.0,4.286810397687177
12755,37.841248,55.561304,10.0,2.1443778456671168
97068,37.640437,55.740531000000004,11.0,5.7595086755204425
40331,37.538415,55.835943,12.0,2.426649011774811
70469,37.629841,55.740209,17.0,5.143783418495202
76744,37.602591000000004,55.755428,23.0,10.735565553523953
10249,37.572317,55.623041,12.0,3.001350866475141
95442,37.442854000000004,55.878269,8.0,2.1236617696161173
28748,37.701762,55.692736000000004,10.0,2.1443778456671168
83335,37.618154000000004,55.766501000000005,10.0,2.1443778456671168
60244,37.469201,55.686068,9.0,2.1236617696161173
25208,37.556580000000004,55.714470000000006,33.0,11.999567584959397
63986,37.614361,55.749026,13.0,3.4298373768791532
69501,37.562344,55.608562,9.0,2.1236617696161173
23398,37.700635,55.61923,11.0,2.572864356071129
62138,37.859979,55.627247000000004,10.0,2.1443778456671168
40140,37.670753000000005,55.655842,10.0,2.1443778456671168
38621,37.789874000000005,55.904319,9.0,2.1236617696161173
59063,37.68433,55.822966,10.0,2.1443778456671168
32855,37.601061,55.738103,13.0,8.167216032778047
94022,37.366654000000004,55.881634000000005,10.0,2.1443778456671168
98998,37.647715,55.761779000000004,15.0,4.286810397687177
28639,37.605199,55.759797,15.0,4.286810397687177
93393,37.607983000000004,55.753134,14.0,3.858323887283165
71967,37.698817,55.876804,5.0,2.426649011774811
86989,37.623977000000004,55.748091,16.0,9.80102921370209
26979,37.622908,55.757328,11.0,2.572864356071129
68829,37.596238,55.660403,10.0,2.1443778456671168
91723,37.568023000000004,55.682058000000005,11.0,2.572864356071129
14216,37.542864,55.847671000000005,9.0,2.229873013557782
50102,37.633212,55.736888,16.0,8.35950376677111
87806,37.625258,55.750461,19.0,7.274444886313912
46546,37.651912,55.756704,6.0,2.7246515984928044
14831,37.494362,55.859578,10.0,2.1443778456671168
54754,37.8571,55.913253000000005,9.0,2.972040890960315
27005,37.587833,55.68558,10.0,2.1443778456671168
82731,37.62353,55.747733000000004,15.0,9.451162638096855
21450,37.793976,55.811235,10.0,2.229873013557782
20292,37.622869,55.767957,13.0,3.4298373768791532
80656,37.697105,55.703607000000005,8.0,2.1236617696161173
40972,37.60654,55.659682000000004,9.0,2.1236617696161173
79411,37.59302,55.759725,11.0,6.645531844570263
90384,37.599407,55.758517000000005,17.0,5.143783418495202
38454,37.646049000000005,55.743002000000004,18.0,6.365483159837831
24448,37.644095,55.757773,14.0,3.858323887283165
24070,37.789680000000004,55.790928,10.0,2.1443778456671168
32262,37.609007,55.758708000000006,9.0,3.032623496092199
72732,37.683587,55.730682,10.0,2.1443778456671168
64267,37.567058,55.608304000000004,10.0,2.1236617696161173
20108,37.642213,55.767714000000005,8.0,2.1236617696161173
64335,37.689716000000004,55.885348,10.0,2.1443778456671168
40848,37.601347000000004,55.73679,11.0,2.572864356071129
98688,37.362247,55.643762,10.0,2.1443778456671168
9051,37.603795,55.763509,19.0,6.365483159837831
23360,37.445995,55.875192000000006,10.0,2.1443778456671168
77179,37.620161,55.58955,12.0,3.001350866475141
35488,37.63974,55.738532,9.0,4.244572464726974
48838,37.49454,55.643544000000006,8.0,2.1236617696161173
41143,37.667246,55.773378,11.0,2.572864356071129
40507,37.440839000000004,55.848006000000005,8.0,2.426649011774811
11371,37.779540000000004,55.595526,7.0,2.426649011774811
14851,37.621948,55.747153000000004,17.0,9.404162495115601
33658,37.597763,55.765463000000004,18.0,5.572269928899214
61422,37.652586,55.638272,9.0,2.729636253933505
48748,37.635435,55.762261,15.0,4.286810397687177
50951,37.602859,55.740443,15.0,4.286810397687177
47139,37.391973,55.586611000000005,10.0,2.1443778456671168
4235,37.646356000000004,55.758912,16.0,6.682880277972981
82909,37.639497,55.73809,12.0,3.001350866475141
96020,37.695795000000004,55.71961,6.0,2.972040890960315
70541,37.445238,55.838333000000006,11.0,2.572864356071129
84868,37.639499,55.76476,12.0,3.001350866475141
86336,37.477959,55.777555,11.0,2.572864356071129
25122,37.452756,55.878747000000004,10.0,2.1443778456671168
24695,37.59261,55.759552,16.0,6.645531844570263
91593,37.598819,55.767041,17.0,10.073475688971957
39479,37.460818,55.637111000000004,10.0,2.1236617696161173
57193,37.476130000000005,55.595814000000004,9.0,2.229873013557782
53614,37.676364,55.863189000000006,10.0,2.729636253933505
30186,37.748502,55.764764,10.0,2.1443778456671168
94398,37.642426,55.757074,15.0,4.286810397687177
93047,37.61745,55.733193,12.0,3.001350866475141
32241,37.526182,55.881856,8.0,2.426649011774811
71877,37.616501,55.750646,11.0,2.572864356071129
13037,37.593703000000005,55.75609,15.0,4.850546949044362
85243,37.591384,55.836378,9.0,2.729636253933505
15426,37.46589,55.579074000000006,18.0,5.572269928899214
71091,37.624814,55.749924,19.0,7.274444886313912
62603,37.806792,55.908249000000005,10.0,2.1443778456671168
46828,37.527891000000004,55.587694,9.0,2.477262306025293
17842,37.431604,55.642230000000005,11.0,2.572864356071129
48065,37.640489,55.586538000000004,10.0,2.1443778456671168
12162,37.576919000000004,55.627483000000005,10.0,2.1443778456671168
62674,37.603644,55.752686000000004,16.0,4.715296908091189
19539,37.774125,55.606460000000006,10.0,2.1443778456671168
71811,37.373218,55.648646,10.0,2.1443778456671168
89864,37.645783,55.74983,19.0,6.000756439303226
65119,37.622683,55.744573,17.0,5.143783418495202
42238,37.59452,55.738718000000006,13.0,4.850546949044362
70616,37.630701,55.749017,16.0,4.715296908091189
52926,37.545295,55.836224,11.0,2.572864356071129
71099,37.863304,55.622898,11.0,2.572864356071129
88823,37.451188,55.763365,10.0,2.1443778456671168
17560,37.615905,55.770798,13.0,3.4298373768791532
6705,37.845403000000005,55.627814,7.0,2.1236617696161173
39538,37.626372,55.851768,9.0,2.426649011774811
83726,37.732289,55.708993,10.0,2.1443778456671168
64020,37.609891000000005,55.762483,14.0,3.858323887283165
38646,37.712923,55.675222000000005,11.0,2.1236617696161173
24048,37.603997,55.748842,15.0,4.286810397687177
65923,37.351607,55.691404000000006,10.0,2.1443778456671168
77954,37.641232,55.737928000000004,10.0,2.1443778456671168
69335,37.638604,55.761444000000004,21.0,9.404162495115601
20366,37.646644,55.750207,12.0,3.001350866475141
74070,37.495873,55.696912000000005,10.0,2.1443778456671168
26405,37.652833,55.869519000000004,8.0,2.7246515984928044
81934,37.602167,55.750668000000005,11.0,3.6385979804095863
7590,37.608969,55.753152,15.0,4.286810397687177
24991,37.666493,55.608525,10.0,2.1443778456671168
46699,37.771358,55.566019000000004,10.0,2.1443778456671168
92759,37.613856,55.764328,13.0,3.4298373768791532
91470,37.590713,55.762421,14.0,4.547559706885668
66296,37.733560000000004,55.750366,11.0,2.572864356071129
11754,37.601589000000004,55.753555000000006,17.0,8.909383910180582
56064,37.532962000000005,55.733957000000004,10.0,2.1236617696161173
11393,37.604643,55.767076,12.0,3.001350866475141
43133,37.467466,55.579817000000006,21.0,6.85772946011125
86991,37.644683,55.762774,14.0,3.858323887283165
88540,37.567954,55.621081000000004,10.0,2.1443778456671168
53763,37.631135,55.767278000000005,16.0,4.715296908091189
41798,37.458253,55.751551,6.0,2.477262306025293
93557,37.590799000000004,55.747889,13.0,7.8804193706313
87731,37.563746,55.626870000000004,11.0,2.1236617696161173
49226,37.457426,55.903808000000005,10.0,2.1443778456671168
35703,37.625817,55.738246000000004,14.0,3.858323887283165
94076,37.611736,55.583822000000005,8.0,2.1236617696161173
97308,37.702134,55.574942,10.0,2.1443778456671168
72311,37.496166,55.75734,11.0,3.032623496092199
81209,37.660313,55.585062,12.0,2.426649011774811
65184,37.486761,55.689082,10.0,2.1443778456671168
99389,37.762206,55.860747,10.0,2.1443778456671168
17702,37.480724,55.873224,11.0,2.572864356071129
95988,37.608797,55.758355,11.0,3.032623496092199
92849,37.552417,55.716556000000004,38.0,14.142000136979458
70388,37.425819000000004,55.882691,10.0,2.1443778456671168
32557,37.605734,55.755111,10.0,5.153534191203056
38431,37.628092,55.744662000000005,14.0,3.858323887283165
61393,37.440665,55.857875,10.0,2.1443778456671168
30659,37.604562,55.735641,13.0,4.547559706885668
15896,37.447575,55.694982,9.0,2.1236617696161173
20962,37.497212000000005,55.687436000000005,10.0,2.1443778456671168
92836,37.669109,55.634729,10.0,2.1443778456671168
57849,37.631571,55.763295,12.0,5.153534191203056
1531,37.463708000000004,55.651716,10.0,2.1443778456671168
91798,37.410617,55.695739,8.0,2.426649011774811
8372,37.46683,55.576526,18.0,6.682880277972981
53915,37.723695,55.682627000000004,11.0,2.572864356071129
27746,37.625244,55.768784000000004,13.0,4.2089873532978705
11579,37.554342,55.686702000000004,7.0,2.1236617696161173
43399,37.476986000000004,55.579802,18.0,7.274444886313912
21839,37.612491,55.677685000000004,9.0,2.1236617696161173
37300,37.455702,55.653741000000004,10.0,2.1236617696161173
83049,37.559996,55.645482,9.0,2.729636253933505
15632,37.633431,55.747792000000004,12.0,3.6385979804095863
79481,37.817422,55.632609,9.0,2.1236617696161173
32843,37.815941,55.659637000000004,10.0,2.426649011774811
93458,37.794654,55.636568000000004,10.0,2.1443778456671168
583,37.60215,55.743308,16.0,6.062495917679136
8082,37.435054,55.759603000000006,11.0,2.572864356071129
67011,37.468474,55.577713,19.0,7.274444886313912
46760,37.594613,55.763354,14.0,3.858323887283165
31638,37.430718,55.688218,10.0,2.1443778456671168
46562,37.645,55.754534,24.0,10.393719664985646
65284,37.621456,55.750907000000005,19.0,6.000756439303226
75068,37.598489,55.766435,17.0,10.073475688971957
24591,37.641442,55.74013,16.0,4.715296908091189
49533,37.652589,55.849026,10.0,2.1443778456671168
25856,37.768915,55.590829,10.0,2.1443778456671168
57932,37.369684,55.591013000000004,10.0,2.1443778456671168
66528,37.708727,55.856274,10.0,2.1443778456671168
83777,37.645186,55.757497,8.0,3.032623496092199
80913,37.631799,55.763064,15.0,5.153534191203056
82817,37.813581,55.687666,10.0,2.1443778456671168
96309,37.613891,55.752696,15.0,4.286810397687177
60328,37.822546,55.638884000000004,10.0,2.1443778456671168
47730,37.647974000000005,55.829821,11.0,2.426649011774811
3484,37.626512,55.750702000000004,17.0,5.143783418495202
19560,37.616778000000004,55.734073,19.0,6.000756439303226
1739,37.852172,55.900277,8.0,2.426649011774811
40045,37.626057,55.754091,11.0,2.572864356071129
80035,37.350848,55.742046,9.0,2.1236617696161173
49054,37.353927,55.821912000000005,11.0,2.572864356071129
92983,37.639951,55.760833000000005,13.0,5.445933815635426
72763,37.453143000000004,55.59518,10.0,2.1443778456671168
31788,37.635431000000004,55.757469,14.0,6.43549098550547
82785,37.643097000000004,55.740515,19.0,6.000756439303226
46627,37.587535,55.762281,18.0,5.572269928899214
40678,37.42615,55.850984000000004,10.0,2.1443778456671168
19093,37.634339000000004,55.761634,16.0,4.715296908091189
88794,37.797143,55.859469000000004,10.0,2.1443778456671168
70565,37.596471,55.765150000000006,17.0,5.143783418495202
64969,37.726099000000005,55.713319000000006,10.0,2.1443778456671168
46029,37.378462,55.790046000000004,10.0,2.1443778456671168
58950,37.606107,55.665265000000005,10.0,2.1443778456671168
2229,37.596693,55.748864000000005,19.0,6.000756439303226
26670,37.508543,55.888019,11.0,2.572864356071129
71454,37.642474,55.754083,18.0,5.572269928899214
82071,37.605351,55.840532,11.0,2.572864356071129
8973,37.562409,55.671497,10.0,2.426649011774811
38136,37.761791,55.673185000000004,4.0,2.229873013557782
89693,37.625147,55.743752,8.0,5.153534191203056
94842,37.618962,55.750278,16.0,4.715296908091189
25392,37.778507000000005,55.793185,11.0,2.572864356071129
43538,37.602607,55.757573,10.0,4.547559706885668
77204,37.636533,55.741223000000005,19.0,6.000756439303226
77575,37.768139,55.840117,10.0,2.1443778456671168
73554,37.630995,55.769854,10.0,2.1443778456671168
58524,37.710613,55.689941000000005,7.0,2.1122672576270665
29564,37.637323,55.737271,16.0,6.365483159837831
41955,37.605715000000004,55.585207000000004,10.0,2.1443778456671168
65221,37.608201,55.835696000000006,10.0,2.1443778456671168
77824,37.59946,55.750223000000005,16.0,4.715296908091189
43644,37.477582,55.741422,10.0,2.1443778456671168
83411,37.640738,55.743003,19.0,6.000756439303226
87816,37.740975,55.743097,7.0,2.1236617696161173
30729,37.596477,55.763788000000005,16.0,4.715296908091189
51629,37.559305,55.905504,11.0,2.572864356071129
68701,37.497562,55.666738,10.0,2.1443778456671168
33044,37.701602,55.893016,9.0,2.426649011774811
25822,37.825645,55.855349000000004,10.0,2.1443778456671168
20082,37.647602,55.756495,12.0,3.001350866475141
1299,37.604104,55.851108,10.0,2.1443778456671168
19079,37.586754,55.753793,17.0,5.143783418495202
29874,37.634203,55.743571,11.0,2.572864356071129
47533,37.605885,55.752393000000005,22.0,7.286215970515262
79987,37.631239,55.75406,17.0,5.143783418495202
69721,37.638506,55.742405000000005,15.0,4.286810397687177
30004,37.641815,55.750583,16.0,4.715296908091189
96000,37.625866,55.752708000000005,10.0,6.682880277972981
67744,37.718619000000004,55.589271000000004,10.0,2.1443778456671168
8911,37.646302,55.762715,13.0,3.6385979804095863
34888,37.863897,55.872387,11.0,2.572864356071129
70863,37.595489,55.755309000000004,18.0,5.572269928899214
6362,37.610008,55.753515,14.0,3.858323887283165
56711,37.798588,55.78954,10.0,2.1443778456671168
43244,37.81405,55.75706,7.0,2.1236617696161173
62104,37.625912,55.764829,24.0,7.274444886313912
14030,37.401798,55.670329,10.0,2.1443778456671168
51924,37.47437,55.622283,12.0,3.001350866475141
53651,37.63374,55.747073,19.0,6.000756439303226
52692,37.488806000000004,55.737468,10.0,2.1443778456671168
53297,37.60638,55.685709,12.0,3.001350866475141
91127,37.623517,55.761595,13.0,6.188101693037958
24137,37.628745,55.748239000000005,13.0,3.4298373768791532
52966,37.761409,55.698569,11.0,2.572864356071129
43498,37.765002,55.704958000000005,10.0,2.1443778456671168
95182,37.614587,55.757212,14.0,3.858323887283165
93137,37.593509000000005,55.747695,15.0,4.286810397687177
99145,37.602562,55.73859,13.0,3.4298373768791532
78533,37.722422,55.76008,10.0,2.1443778456671168
62059,37.374657,55.749171000000004,10.0,2.729636253933505
31125,37.730735,55.727451,12.0,3.001350866475141
88739,37.642347,55.767675000000004,9.0,2.1236617696161173
39197,37.643331,55.765241,10.0,4.244572464726974
52168,37.748536,55.629569000000004,10.0,2.1443778456671168
23520,37.632906,55.76286,13.0,3.4298373768791532
57464,37.620638,55.738275,18.0,5.572269928899214
2309,37.609547,55.771353000000005,16.0,5.456521433361749
44165,37.838847,55.806267000000005,10.0,2.1443778456671168
58069,37.518455,55.829054,9.0,2.729636253933505
20853,37.601242,55.753436,14.0,8.909383910180582
24562,37.615572,55.749971,12.0,6.645531844570263
67757,37.608581,55.765959,10.0,2.1443778456671168
22556,37.611393,55.73538,15.0,6.365483159837831
94397,37.845564,55.62755,10.0,2.229873013557782
92490,37.639385000000004,55.736503,3.0,3.6385979804095863
7893,37.780759,55.745074,10.0,2.1443778456671168
50337,37.630745000000005,55.735821,15.0,4.547559706885668
6157,37.638486,55.741042,18.0,5.572269928899214
92483,37.457119,55.747989000000004,8.0,2.426649011774811
85317,37.542681,55.667148000000005,10.0,2.1443778456671168
11254,37.662939,55.890128000000004,10.0,2.1443778456671168
64491,37.646523,55.748197000000005,13.0,3.4298373768791532
58724,37.638201,55.761099,14.0,8.661994617713068
75414,37.639433000000004,55.765409000000005,15.0,4.286810397687177
83281,37.567965,55.669675000000005,10.0,2.1443778456671168
66644,37.501855,55.68717,10.0,2.1443778456671168
53803,37.627293,55.743209,11.0,4.547559706885668
72345,37.46745,55.634288000000005,7.0,2.229873013557782
8021,37.620217000000004,55.761654,14.0,5.940712400570448
25571,37.480526000000005,55.888257,10.0,2.1443778456671168
21626,37.505918,55.818295,10.0,2.229873013557782
65689,37.645587,55.763382,11.0,2.572864356071129
51092,37.724353,55.566624000000004,11.0,2.572864356071129
99262,37.608238,55.757129,16.0,6.43549098550547
45051,37.639959000000005,55.767009,21.0,6.85772946011125
34124,37.605675,55.667873,10.0,2.1443778456671168
38782,37.504751,55.598079000000006,10.0,2.1443778456671168
384,37.608295,55.757089,10.0,4.850546949044362
26202,37.645215,55.761819,17.0,5.143783418495202
12610,37.485368,55.637529,10.0,2.1443778456671168
97536,37.446846,55.905244,10.0,2.1443778456671168
75568,37.627556,55.849896,8.0,2.1236617696161173
4647,37.734409,55.595953,9.0,3.032623496092199
10690,37.591114000000005,55.744416,23.0,7.714702480919274
43054,37.506917,55.855000000000004,10.0,2.1443778456671168
75588,37.600178,55.738421,11.0,6.217038864020051
85002,37.711641,55.600159000000005,10.0,2.426649011774811
60745,37.619069,55.745290000000004,17.0,6.668470401996524
48313,37.594745,55.750345,15.0,8.414605325245558
83666,37.592985,55.614429,11.0,2.572864356071129
5987,37.62281,55.75854,11.0,2.572864356071129
13611,37.587438,55.745798,13.0,3.4298373768791532
12260,37.639011,55.748438,11.0,2.572864356071129
74270,37.6032,55.769876000000004,14.0,6.971457644155219
223,37.386593000000005,55.699908,11.0,2.572864356071129
61472,37.610514,55.750305000000004,19.0,6.000756439303226
65212,37.396174,55.856451,10.0,2.1236617696161173
99093,37.589371,55.755250000000004,18.0,7.274444886313912
99344,37.563183,55.883368000000004,10.0,2.1443778456671168
78635,37.632401,55.736975,12.0,4.244572464726974
41491,37.624895,55.752091,15.0,5.456521433361749
42769,37.59957,55.761163,18.0,6.062495917679136
52956,37.732477,55.919000000000004,7.0,2.1236617696161173
62905,37.645515,55.762757,9.0,3.6385979804095863
40127,37.605174,55.745102,16.0,4.715296908091189
36805,37.632281,55.751012,12.0,3.94158522256828
59660,37.604188,55.734223,19.0,3.94158522256828
24663,37.853765,55.716609000000005,10.0,2.1443778456671168
85306,37.851753,55.736603,10.0,2.1443778456671168
187,37.536973,55.776786,10.0,2.1236617696161173
35945,37.603445,55.738834000000004,13.0,8.573750257046216
23283,37.394036,55.887053,11.0,2.572864356071129
37173,37.636224,55.655577,8.0,2.1236617696161173
82142,37.613429000000004,55.752063,13.0,6.43549098550547
12937,37.553507,55.713811,34.0,12.428054095363407
78838,37.45312,55.916161,10.0,3.3356107382508924
59703,37.473451000000004,55.582586,20.0,6.429242949707238
10914,37.729556,55.620319,8.0,2.426649011774811
20552,37.435922,55.764759000000005,11.0,2.572864356071129
52918,37.684871,55.627167,10.0,2.1443778456671168
48134,37.595156,55.759640000000005,11.0,4.547559706885668
6073,37.482112,55.757908,10.0,2.1236617696161173
97374,37.642741,55.752891000000005,16.0,6.971457644155219
38030,37.600624,55.759107,14.0,5.7595086755204425
30750,37.585033,55.745895000000004,15.0,4.286810397687177
87784,37.360375000000005,55.686198000000005,10.0,2.1443778456671168
31313,37.576480000000004,55.601933,10.0,2.1443778456671168
44357,37.767956,55.694804000000005,10.0,2.1443778456671168
51506,37.788075,55.885034000000005,10.0,2.1443778456671168
62745,37.618968,55.793165,8.0,2.1236617696161173
98057,37.864341,55.907712000000004,11.0,2.572864356071129
87134,37.5015,55.799608,10.0,2.1443778456671168
76585,37.618347,55.752333,13.0,3.4298373768791532
8908,37.633247000000004,55.755309000000004,16.0,5.456521433361749
590,37.613215000000004,55.743779,14.0,5.7595086755204425
49720,37.596202,55.759527000000006,15.0,5.7595086755204425
76550,37.597659,55.621609,9.0,2.1236617696161173
47113,37.616512,55.759872,18.0,10.393719664985646
51790,37.610476,55.759211,14.0,6.062495917679136
7719,37.563507,55.624372,10.0,2.1443778456671168
7024,37.597523,55.736662,20.0,6.668470401996524
12940,37.385045,55.854774,10.0,2.1443778456671168
97127,37.593085,55.759551,15.0,6.682880277972981
83514,37.792617,55.743432000000006,11.0,2.1236617696161173
35836,37.424455,55.788407,12.0,3.001350866475141
53870,37.583489,55.869647,10.0,2.1443778456671168
46217,37.598903,55.734968,2.0,2.1236617696161173
82914,37.532293,55.605153,9.0,2.426649011774811
37371,37.652308000000005,55.753015000000005,18.0,4.850546949044362
29696,37.585475,55.750878,12.0,3.001350866475141
89923,37.645028,55.670394,10.0,2.1443778456671168
18757,37.590182,55.761488,11.0,2.572864356071129
22238,37.819178,55.722669,10.0,2.1443778456671168
28257,37.648992,55.74931,12.0,4.456376645765382
44586,37.782213,55.703479,10.0,2.1443778456671168
91365,37.637498,55.764352,16.0,6.971457644155219
11692,37.624139,55.748007,12.0,9.80102921370209
8394,37.551939000000004,55.714076000000006,31.0,11.142594564151374
61945,37.740239,55.727446,9.0,2.1236617696161173
44145,37.711188,55.646725,10.0,2.1443778456671168
14272,37.603788,55.74956,13.0,5.456521433361749
21656,37.606163,55.738773,17.0,7.8804193706313
43656,37.436177,55.894699,10.0,2.1443778456671168
1827,37.392367,55.767434,11.0,2.572864356071129
19554,37.631289,55.728337,11.0,2.572864356071129
23819,37.460074,55.883723,8.0,2.1236617696161173
24672,37.641016,55.742490000000004,13.0,4.850546949044362
22929,37.636338,55.655465,9.0,2.1236617696161173
36617,37.487429,55.573561000000005,10.0,2.1443778456671168
10395,37.63441,55.75667,21.0,6.365483159837831
87323,37.375995,55.624528000000005,8.0,2.1463555487930384
81068,37.597553000000005,55.747338,13.0,3.4298373768791532
53405,37.542713,55.680359,10.0,2.1443778456671168
61548,37.632716,55.735926,13.0,3.4298373768791532
91057,37.543223000000005,55.847805,10.0,2.729636253933505
36607,37.584706000000004,55.747737,15.0,4.286810397687177
61809,37.486637,55.887529,10.0,2.1443778456671168
41344,37.595962,55.748034000000004,11.0,6.062495917679136
71133,37.549252,55.918936,10.0,2.1443778456671168
4077,37.621547,55.765435000000004,18.0,6.365483159837831
74819,37.599302,55.757145,15.0,4.286810397687177
59585,37.485647,55.852463,11.0,3.032623496092199
93066,37.763457,55.589254000000004,10.0,2.1443778456671168
97842,37.638541000000004,55.766481,19.0,7.177658862908002
66088,37.469027000000004,55.599140000000006,10.0,2.1443778456671168
70445,37.647608,55.829581000000005,7.0,2.426649011774811
22622,37.447385000000004,55.694959000000004,8.0,2.1236617696161173
78913,37.620811,55.752403,15.0,6.645531844570263
72579,37.601178000000004,55.76822,14.0,6.971457644155219
76972,37.767174000000004,55.650814000000004,12.0,3.001350866475141
70208,37.657747,55.712843,8.0,2.229873013557782
12666,37.596474,55.764686000000005,20.0,5.456521433361749
42388,37.532919,55.733851,7.0,2.1236617696161173
3807,37.485032000000004,55.852635,9.0,3.032623496092199
41511,37.505351000000005,55.697924,10.0,2.1443778456671168
66570,37.626087,55.737500000000004,16.0,4.715296908091189
32200,37.740167,55.658593,13.0,3.4298373768791532
36416,37.635805000000005,55.755074,13.0,3.4298373768791532
28562,37.612765,55.770525,14.0,3.858323887283165
59105,37.601675,55.738319000000004,19.0,6.668470401996524
8648,37.735625,55.82293,12.0,3.001350866475141
71594,37.363584,55.665966000000004,10.0,2.426649011774811
99256,37.638953,55.872085000000006,10.0,2.1443778456671168
85096,37.377294,55.713932,10.0,2.1443778456671168
54567,37.609188,55.760871,7.0,4.547559706885668
91486,37.598409000000004,55.755079,12.0,3.94158522256828
15192,37.758371000000004,55.597894000000004,11.0,2.572864356071129
8580,37.637693,55.764328,17.0,6.971457644155219
82364,37.862230000000004,55.917899000000006,10.0,2.1443778456671168
58224,37.545205,55.67289,10.0,2.1443778456671168
17683,37.592387,55.750341,19.0,6.000756439303226
33391,37.433426000000004,55.847612000000005,10.0,2.1443778456671168
24382,37.786353,55.652507,10.0,2.1443778456671168
57516,37.81013,55.68211,10.0,2.1443778456671168
64680,37.78279,55.892919,10.0,2.1443778456671168
99331,37.700748000000004,55.765968,10.0,2.1443778456671168
96491,37.592893000000004,55.76066,16.0,4.715296908091189
63547,37.616303,55.749817,11.0,6.645531844570263
62671,37.633128,55.637566,11.0,2.572864356071129
76340,37.839027,55.818465,10.0,2.477262306025293
33616,37.561103,55.813607000000005,10.0,2.1443778456671168
81341,37.598486,55.759742,15.0,4.286810397687177
38256,37.637654000000005,55.759312,17.0,7.4250481553755145
51200,37.527084,55.808167000000005,8.0,2.1236617696161173
33557,37.651205000000004,55.900235,10.0,2.1443778456671168
22154,37.613413,55.741004000000004,24.0,8.143188991323287
25009,37.775282000000004,55.638036,10.0,2.1443778456671168
13514,37.602801,55.737181,11.0,2.572864356071129
98939,37.596000000000004,55.755735,14.0,3.858323887283165
99582,37.643170000000005,55.739386,14.0,7.274444886313912
67551,37.618590000000005,55.753742,12.0,3.94158522256828
57198,37.586538000000004,55.754934000000006,12.0,6.971457644155219
36107,37.599167,55.752088,18.0,5.572269928899214
84756,37.613151,55.737858,22.0,7.577432128472607
28883,37.404726000000004,55.692375000000006,10.0,3.3356107382508924
88902,37.603501,55.761425,16.0,4.715296908091189
87829,37.833887000000004,55.746672000000004,10.0,2.1443778456671168
74273,37.849578,55.845904000000004,11.0,2.572864356071129
49214,37.627299,55.767026,16.0,4.715296908091189
12157,37.628231,55.849929,9.0,2.1236617696161173
93224,37.519727,55.733450000000005,10.0,2.1443778456671168
72405,37.613573,55.753504,14.0,3.858323887283165
13393,37.635906,55.757303,10.0,6.43549098550547
36087,37.468713,55.577052,17.0,5.143783418495202
5065,37.695542,55.719701,11.0,2.972040890960315
33986,37.610768,55.759763,14.0,6.062495917679136
89937,37.619384000000004,55.745576,15.0,6.668470401996524
98130,37.640547,55.758860000000006,14.0,3.858323887283165
12022,37.596773,55.764410000000005,8.0,5.456521433361749
58909,37.587585000000004,55.753538,15.0,4.286810397687177
2254,37.615351000000004,55.765931,11.0,3.6385979804095863
27890,37.607578000000004,55.630109000000004,11.0,2.572864356071129
5989,37.704987,55.757855,11.0,2.572864356071129
38067,37.591618000000004,55.743435000000005,14.0,3.858323887283165
31596,37.630872000000004,55.740193000000005,16.0,4.715296908091189
21771,37.644828000000004,55.757553,12.0,3.032623496092199
3467,37.592283,55.764597,14.0,5.153534191203056
57297,37.743368000000004,55.653949000000004,10.0,2.1443778456671168
57100,37.602894,55.846959000000005,11.0,2.572864356071129
16241,37.637951,55.748771000000005,15.0,5.153534191203056
73087,37.743326,55.908791,10.0,2.1443778456671168
42866,37.588423,55.744671000000004,18.0,5.572269928899214
67112,37.589620000000004,55.747529,12.0,3.001350866475141
92071,37.800588000000005,55.903424,10.0,2.1443778456671168
63416,37.604746,55.753314,11.0,2.572864356071129
3926,37.752362,55.733047,12.0,3.001350866475141
3617,37.430662,55.789406,12.0,3.001350866475141
84048,37.575354000000004,55.656588,9.0,3.003341509893462
87244,37.632515,55.750787,11.0,3.94158522256828
80375,37.392156,55.595938000000004,10.0,2.1443778456671168
59399,37.521665,55.596904,10.0,2.1443778456671168
62597,37.644043,55.748655,13.0,5.456521433361749
50240,37.734921,55.596054,11.0,3.032623496092199
17839,37.407475,55.687202,8.0,2.1236617696161173
55804,37.601449,55.713832000000004,10.0,2.1443778456671168
72306,37.590084000000004,55.756142000000004,15.0,4.286810397687177
57260,37.813354000000004,55.624275000000004,10.0,2.1443778456671168
3852,37.596699,55.737518,23.0,7.274444886313912
98121,37.651422000000004,55.756649,14.0,2.7246515984928044
45855,37.608223,55.739371000000006,11.0,3.94158522256828
41908,37.607893000000004,55.741325,14.0,3.858323887283165
12604,37.635522,55.763763000000004,11.0,6.365483159837831
74117,37.587081000000005,55.684529000000005,10.0,2.1443778456671168
40477,37.538002,55.749999,10.0,2.1443778456671168
81604,37.793284,55.617187,10.0,2.1443778456671168
99865,37.639204,55.789837000000006,10.0,2.1443778456671168
60272,37.677494,55.81743,11.0,2.572864356071129
11719,37.845599,55.713075,8.0,2.1236617696161173
68411,37.48857,55.703542,10.0,2.1443778456671168
48526,37.592188,55.748754000000005,20.0,6.429242949707238
62637,37.644035,55.76328,11.0,5.456521433361749
70460,37.65861,55.635541,10.0,2.1443778456671168
25277,37.630343,55.736243,21.0,6.365483159837831
56126,37.530848,55.766176,8.0,2.1236617696161173
29577,37.69594,55.720205,7.0,2.1236617696161173
97420,37.617396,55.742759,15.0,6.062495917679136
55559,37.448389,55.723526,12.0,3.001350866475141
6066,37.447237,55.616703,8.0,2.1236617696161173
42683,37.774758,55.795476,9.0,2.729636253933505
2105,37.613393,55.742241,18.0,5.572269928899214
61541,37.350367,55.741762,8.0,2.1236617696161173
56381,37.614465,55.751287000000005,21.0,6.85772946011125
24732,37.623968000000005,55.739819000000004,17.0,5.143783418495202
40180,37.619239,55.735303,14.0,3.858323887283165
22594,37.476043000000004,55.867342,7.0,2.1236617696161173
41740,37.634386,55.758929,15.0,4.286810397687177
54751,37.608155000000004,55.75755,15.0,6.365483159837831
72533,37.607763,55.770113,11.0,2.572864356071129
13724,37.588124,55.749783,15.0,5.153534191203056
77828,37.372597,55.636272000000005,10.0,2.1443778456671168
376,37.600712,55.738401,16.0,7.09461738414527
6152,37.866915,55.569073,11.0,2.572864356071129
57040,37.722473,55.911949,10.0,2.1236617696161173
27577,37.646239,55.756275,15.0,4.286810397687177
66139,37.705209,55.725023,7.0,2.1236617696161173
7728,37.649425,55.686013,11.0,2.572864356071129
71947,37.865982,55.624864,10.0,2.1443778456671168
43124,37.396983,55.567984,11.0,2.1236617696161173
68218,37.638459000000005,55.761731000000005,18.0,8.789381097107382
7995,37.649206,55.756171,16.0,5.445933815635426
49150,37.613235,55.749365000000004,19.0,6.971457644155219
43303,37.470406000000004,55.788763,8.0,2.229873013557782
98183,37.598205,55.746,14.0,3.858323887283165
11465,37.384721,55.670396000000004,10.0,2.426649011774811
77467,37.622448,55.735429,21.0,6.85772946011125
20332,37.559682,55.783429000000005,10.0,2.426649011774811
2766,37.435492,55.757918000000004,10.0,2.1443778456671168
71088,37.467406000000004,55.582632000000004,17.0,5.143783418495202
24184,37.625543,55.752453,17.0,6.188101693037958
81096,37.665239,55.629107000000005,10.0,3.714208768362848
99812,37.553573,55.7173,31.0,18.48497284618558
35078,37.456284000000004,55.898517000000005,7.0,2.1236617696161173
97561,37.634111000000004,55.736237,17.0,7.919826740310537
54707,37.82603,55.891959,9.0,2.426649011774811
61166,37.62523,55.741604,12.0,4.547559706885668
31943,37.596377000000004,55.737931,17.0,6.062495917679136
59089,37.628379,55.764022000000004,11.0,2.572864356071129
80045,37.692061,55.574435,10.0,2.1443778456671168
49962,37.528152,55.587923,6.0,2.477262306025293
27165,37.612346,55.757397000000005,7.0,2.426649011774811
76957,37.386941,55.634862000000005,10.0,2.1443778456671168
66470,37.740658,55.645285,9.0,2.1236617696161173
83216,37.638773,55.754151,11.0,2.572864356071129
37661,37.695443000000004,55.572487,11.0,2.572864356071129
35442,37.633376,55.765658,19.0,6.365483159837831
95350,37.60375,55.747512,10.0,2.426649011774811
78561,37.363806000000004,55.649313,10.0,2.1443778456671168
10211,37.385273,55.707669,10.0,2.1443778456671168
17534,37.693567,55.758034,10.0,2.1443778456671168
70708,37.471318000000004,55.906246,10.0,2.1443778456671168
420,37.690511,55.743898,8.0,2.426649011774811
97354,37.622247,55.766165,11.0,4.850546949044362
52143,37.400215,55.897177,10.0,2.1443778456671168
18221,37.739934,55.611507,11.0,2.572864356071129
55510,37.636986,55.757465,17.0,5.7595086755204425
92752,37.867652,55.623062000000004,10.0,2.1443778456671168
51513,37.666417,55.625511,10.0,2.1443778456671168
40042,37.453221,55.714675,12.0,3.001350866475141
11173,37.61027,55.755314000000006,9.0,4.244572464726974
33052,37.598718,55.760221,12.0,3.001350866475141
37710,37.480977,55.614149000000005,10.0,2.1236617696161173
12580,37.636050000000004,55.75941,21.0,6.85772946011125
26615,37.598155,55.766066,10.0,5.153534191203056
77340,37.640539000000004,55.744222,22.0,7.286215970515262
6609,37.604344000000005,55.738096,12.0,3.001350866475141
40761,37.612698,55.820945,10.0,2.1443778456671168
53648,37.611276000000004,55.735518,16.0,6.365483159837831
37634,37.68896,55.645679,11.0,2.572864356071129
60349,37.598931,55.746669000000004,17.0,5.143783418495202
98126,37.466735,55.829011,11.0,2.572864356071129
98911,37.507125,55.791511,10.0,2.1443778456671168
23392,37.426321,55.589831000000004,12.0,3.001350866475141
1842,37.712528,55.85819,10.0,2.426649011774811
63699,37.615411,55.739474,13.0,5.7595086755204425
56721,37.788706000000005,55.703906,10.0,2.1443778456671168
8246,37.410433000000005,55.695747000000004,10.0,2.426649011774811
41995,37.672878000000004,55.798921,8.0,2.1236617696161173
92915,37.62476,55.758249,11.0,2.572864356071129
29912,37.648358,55.760738,15.0,4.286810397687177
91381,37.619248,55.736943000000004,13.0,6.188101693037958
38587,37.635290000000005,55.739294,15.0,7.577432128472607
86161,37.64076,55.752177,12.0,7.8804193706313
12160,37.747572,55.591645,10.0,2.1443778456671168
96904,37.779767,55.819124,10.0,2.1443778456671168
40728,37.614208000000005,55.735578000000004,11.0,4.850546949044362
2268,37.435331,55.834049,11.0,2.572864356071129
48862,37.639024,55.750364000000005,17.0,5.143783418495202
34408,37.602013,55.734677000000005,13.0,5.7595086755204425
18110,37.861602000000005,55.917171,10.0,2.1443778456671168
25057,37.525766000000004,55.820024000000004,10.0,2.1443778456671168
64166,37.584017,55.757123,19.0,6.000756439303226
6877,37.450298000000004,55.65337,10.0,2.1443778456671168
19581,37.480873,55.679076,10.0,2.1443778456671168
74746,37.570408,55.684559,10.0,2.1443778456671168
62982,37.803453000000005,55.731719000000005,10.0,2.1443778456671168
51733,37.550793,55.779789,10.0,2.1443778456671168
27799,37.610309,55.758666000000005,9.0,3.6385979804095863
14276,37.593087000000004,55.744925,11.0,2.572864356071129
77017,37.656885,55.830111,10.0,2.1443778456671168
33929,37.652655,55.869614000000006,12.0,3.032623496092199
71459,37.626962,55.752574,20.0,6.429242949707238
50716,37.467552000000005,55.634229000000005,8.0,2.229873013557782
80957,37.589811000000005,55.762587,12.0,3.94158522256828
52323,37.41856,55.797829,11.0,2.572864356071129
49538,37.849272,55.645714000000005,10.0,2.1236617696161173
49155,37.571248000000004,55.769076000000005,10.0,2.1443778456671168
98239,37.607162,55.736461000000006,17.0,5.143783418495202
1564,37.6388,55.757951000000006,13.0,5.456521433361749
78588,37.625796,55.753011,15.0,4.547559706885668
62500,37.619608,55.609572,10.0,2.1443778456671168
86722,37.748685,55.919461000000005,10.0,2.1443778456671168
82235,37.593078,55.75188,11.0,2.572864356071129
58023,37.474689,55.766714,6.0,2.229873013557782
98650,37.706926,55.791279,10.0,2.1443778456671168
62119,37.846622,55.842289,10.0,2.1443778456671168
57071,37.799331,55.917352,11.0,2.572864356071129
13102,37.414276,55.723359,11.0,2.572864356071129
88316,37.61083,55.760333,12.0,3.001350866475141
63395,37.645587,55.761008000000004,13.0,3.4298373768791532
19824,37.622951,55.752978,15.0,4.286810397687177
31657,37.704745,55.725199,10.0,2.1236617696161173
2819,37.611504000000004,55.756831000000005,10.0,2.1443778456671168
49390,37.602217,55.750686,11.0,3.6385979804095863
71793,37.630546,55.759676,15.0,4.286810397687177
94006,37.613335,55.745934000000005,20.0,8.414605325245558
83271,37.375036,55.748824,9.0,2.729636253933505
1547,37.530194,55.769723,11.0,2.572864356071129
681,37.634756,55.764275000000005,17.0,5.143783418495202
80705,37.672745,55.851199,11.0,2.572864356071129
33662,37.637856,55.736979000000005,15.0,6.365483159837831
32918,37.599467000000004,55.768805,16.0,4.715296908091189
45041,37.61275,55.737071,10.0,2.1443778456671168
80444,37.546126,55.860825000000006,11.0,2.572864356071129
7643,37.632585,55.748725,15.0,4.286810397687177
56408,37.807793000000004,55.847924,9.0,2.229873013557782
22009,37.608283,55.760406,17.0,5.143783418495202
22320,37.500061,55.627019000000004,8.0,2.426649011774811
48035,37.717845000000004,55.79092,10.0,2.1443778456671168
42922,37.572092000000005,55.740854,10.0,2.1236617696161173
39633,37.642514,55.755523000000004,17.0,5.143783418495202
15842,37.621367,55.765361000000006,13.0,7.919826740310537
16410,37.596854,55.742779,12.0,3.001350866475141
97400,37.626556,55.764817,10.0,7.274444886313912
30277,37.598253,55.767605,11.0,3.6385979804095863
19863,37.632113000000004,55.737880000000004,14.0,3.858323887283165
33284,37.699971,55.608165,10.0,2.1443778456671168
33279,37.626862,55.745269,10.0,2.1443778456671168
5261,37.61283,55.745916,15.0,9.644982708421743
35168,37.667458,55.597292,9.0,2.229873013557782
69154,37.640216,55.76063,16.0,5.445933815635426
98649,37.620207,55.736987,11.0,2.572864356071129
69708,37.592503,55.795809000000006,10.0,2.1443778456671168
29911,37.442892,55.740019000000004,10.0,2.1443778456671168
17476,37.631693,55.912094,10.0,2.1443778456671168
27694,37.582991,55.747983000000005,6.0,3.3356107382508924
87081,37.381437,55.723929000000005,7.0,2.1236617696161173
53966,37.78636,55.916813000000005,7.0,2.229873013557782
37893,37.632155000000004,55.758568000000004,11.0,2.572864356071129
77244,37.619936,55.766745,12.0,3.001350866475141
24777,37.591138,55.74015,12.0,3.001350866475141
54137,37.59335,55.756412000000005,11.0,6.930269570440492
69167,37.397216,55.644497,10.0,2.1443778456671168
38780,37.688577,55.742327,12.0,2.1236617696161173
55871,37.620531,55.755999,17.0,5.143783418495202
43304,37.832091,55.818940000000005,8.0,2.1236617696161173
48972,37.594506,55.742998,20.0,7.6724374478430235
72968,37.5954,55.748478000000006,16.0,4.715296908091189
51266,37.395378,55.919341,11.0,2.572864356071129
91000,37.603660000000005,55.765432000000004,15.0,4.286810397687177
53372,37.639445,55.745269,18.0,6.668470401996524
81631,37.507611000000004,55.767630000000004,8.0,2.1236617696161173
55006,37.628562,55.871278000000004,10.0,2.1443778456671168
9809,37.625299,55.746827,16.0,5.456521433361749
37395,37.411218,55.604449,10.0,2.1443778456671168
86594,37.590088,55.900815,10.0,2.1443778456671168
62227,37.716773,55.574038,10.0,2.1443778456671168
17012,37.670283000000005,55.894506,11.0,2.572864356071129
60388,37.594188,55.743802,14.0,3.858323887283165
95416,37.529999000000004,55.625261,10.0,2.1443778456671168
67390,37.508265,55.84265,8.0,2.229873013557782
13461,37.618598,55.743909,16.0,4.715296908091189
44419,37.825913,55.891769000000004,9.0,2.426649011774811
6240,37.746769,55.791782000000005,10.0,2.1443778456671168
42425,37.652639,55.638436000000006,10.0,2.729636253933505
87982,37.596504,55.756946,12.0,3.001350866475141
51299,37.585434,55.75686,20.0,5.153534191203056
96525,37.543947,55.914456,10.0,2.1443778456671168
15482,37.765328000000004,55.625991,10.0,2.1443778456671168
79607,37.659944,55.585395000000005,6.0,2.426649011774811
1224,37.607262,55.741606000000004,11.0,3.6385979804095863
77482,37.796009,55.902194,10.0,2.1443778456671168
30387,37.604925,55.738739,22.0,7.286215970515262
34547,37.606884,55.764616000000004,16.0,4.715296908091189
99422,37.420207000000005,55.841075000000004,10.0,2.1443778456671168
38837,37.472798000000004,55.578610000000005,18.0,5.572269928899214
97703,37.536368,55.847449000000005,9.0,2.1236617696161173
15006,37.369661,55.869525,10.0,2.1443778456671168
53940,37.637754,55.760126,12.0,4.547559706885668
32055,37.594093,55.766551,20.0,6.429242949707238
2236,37.688695,55.742322,5.0,2.1236617696161173
90849,37.820211,55.888841,10.0,2.1443778456671168
24647,37.622508,55.743362000000005,12.0,3.001350866475141
63352,37.616822,55.74468,19.0,6.000756439303226
64705,37.662073,55.659434000000005,11.0,2.572864356071129
23085,37.616264,55.718535,10.0,2.1443778456671168
35262,37.593449,55.753263000000004,16.0,6.668470401996524
80447,37.662676000000005,55.777037,11.0,2.572864356071129
2349,37.701834,55.912708,10.0,2.1443778456671168
3586,37.769703,55.75575,10.0,2.1443778456671168
83974,37.588964000000004,55.759915,14.0,4.547559706885668
5240,37.628076,55.749179000000005,14.0,3.94158522256828
17388,37.611383000000004,55.583955,9.0,2.229873013557782
98440,37.601694,55.759549,16.0,5.456521433361749
63092,37.606429,55.755171000000004,17.0,5.153534191203056
74046,37.75063,55.658073,7.0,2.1236617696161173
78529,37.642574,55.756315,12.0,3.001350866475141
43208,37.632968,55.750062,11.0,3.94158522256828
67160,37.64323,55.744959,9.0,3.032623496092199
6720,37.418018000000004,55.645798,8.0,2.1236617696161173
35895,37.7376,55.877158,11.0,2.426649011774811
20038,37.592628000000005,55.761557,9.0,4.547559706885668
54524,37.625712,55.743885,19.0,5.153534191203056
85195,37.709721,55.745312000000006,10.0,2.1443778456671168
94524,37.644289,55.748772,15.0,5.456521433361749
89623,37.660345,55.894031000000005,10.0,2.1443778456671168
15369,37.512260000000005,55.66263,10.0,2.1443778456671168
84925,37.868702,55.602809,6.0,2.729636253933505
10705,37.588229,55.809725,10.0,2.1443778456671168
97807,37.652217,55.602177000000005,10.0,2.1443778456671168
62151,37.831888,55.620255,10.0,2.1443778456671168
20527,37.603359000000005,55.689023,10.0,2.1443778456671168
86723,37.631952,55.755894000000005,16.0,4.715296908091189
89326,37.640344,55.737115,7.0,3.94158522256828
9439,37.8575,55.831981,10.0,2.1443778456671168
19471,37.681811,55.63393,10.0,2.1443778456671168
67737,37.533861,55.794830000000005,10.0,2.1443778456671168
59012,37.606714000000004,55.765921,13.0,3.4298373768791532
61176,37.404932,55.679044000000005,9.0,2.426649011774811
98075,37.624198,55.766223000000004,17.0,5.143783418495202
5670,37.777223,55.708795,10.0,2.1443778456671168
30132,37.613347000000005,55.759548,11.0,2.572864356071129
33399,37.706234,55.841814,10.0,2.1443778456671168
23990,37.604318,55.733816000000004,4.0,3.94158522256828
41059,37.600577,55.743053,15.0,4.286810397687177
6381,37.624828,55.768228,13.0,3.4298373768791532
3581,37.665131,55.629461,10.0,3.714208768362848
2411,37.76907,55.711186000000005,10.0,2.1443778456671168
61749,37.49244,55.667883,9.0,2.426649011774811
10978,37.634103,55.756539000000004,10.0,6.365483159837831
86073,37.624734000000004,55.904063,10.0,2.1443778456671168
66506,37.625746,55.763067,12.0,3.001350866475141
44511,37.595696000000004,55.748952,14.0,3.858323887283165
6567,37.463504,55.736908,11.0,2.572864356071129
64838,37.411671,55.770725,11.0,2.426649011774811
62110,37.609007,55.761159,18.0,4.547559706885668
78895,37.630955,55.7361,10.0,7.6724374478430235
8934,37.553657,55.646519000000005,10.0,2.1443778456671168
60756,37.390879,55.563543,10.0,2.1443778456671168
75269,37.623308,55.748807,15.0,5.7595086755204425
94695,37.610854,55.758089000000005,11.0,2.572864356071129
47415,37.843028000000004,55.573131000000004,10.0,2.1443778456671168
39087,37.62898,55.74581,15.0,4.286810397687177
69006,37.499853,55.884101,10.0,2.1443778456671168
10792,37.35857,55.725337,10.0,2.1443778456671168
93463,37.588655,55.762991,15.0,4.286810397687177
22967,37.607532,55.745403,12.0,3.001350866475141
76267,37.650913,55.747421,13.0,3.4298373768791532
51013,37.744089,55.78811,6.0,2.229873013557782
35307,37.613344,55.752322,15.0,6.43549098550547
94270,37.639738,55.746808,12.0,3.001350866475141
50170,37.693033,55.825441000000005,12.0,2.229873013557782
7758,37.654012,55.788849,7.0,2.1236617696161173
34129,37.648948000000004,55.759976,15.0,4.286810397687177
5496,37.804219,55.780926,10.0,2.1443778456671168
95469,37.385286,55.688406,12.0,3.001350866475141
79307,37.430414,55.711567,11.0,2.572864356071129
62675,37.676042,55.774006,11.0,2.572864356071129
6581,37.848753,55.609945,10.0,2.1443778456671168
31196,37.537407,55.613441,8.0,2.1236617696161173
32098,37.600975,55.767128,18.0,5.572269928899214
88028,37.551262,55.718463,39.0,10.304317307900849
66905,37.618123000000004,55.744542,14.0,3.858323887283165
9596,37.618325,55.740131000000005,15.0,4.286810397687177
42280,37.604689,55.769021,15.0,4.286810397687177
70956,37.628767,55.739416000000006,19.0,7.919826740310537
1145,37.600217,55.741345,12.0,6.365483159837831
67453,37.85702,55.654424,10.0,2.1443778456671168
36334,37.59557,55.743301,17.0,5.143783418495202
43353,37.466337,55.852313,10.0,2.1443778456671168
57733,37.59635,55.763067,11.0,4.547559706885668
16948,37.622627,55.764621000000005,11.0,3.6385979804095863
34404,37.614407,55.749894000000005,16.0,5.693323108102937
68399,37.615711000000005,55.745404,13.0,7.716764295945792
90042,37.62324,55.679299,10.0,2.1443778456671168
85715,37.620335000000004,55.770830000000004,15.0,4.286810397687177
13732,37.585442,55.74437,20.0,6.429242949707238
72366,37.587887,55.828035,10.0,2.1443778456671168
51072,37.665542,55.768662,10.0,2.1443778456671168
12087,37.591504,55.758151000000005,17.0,6.668470401996524
6642,37.582471,55.751274,11.0,2.572864356071129
12659,37.795201,55.607116000000005,10.0,2.1443778456671168
5403,37.627034,55.734567000000006,16.0,4.715296908091189
43567,37.603622,55.755562000000005,16.0,4.850546949044362
84013,37.806675,55.792909,10.0,2.1443778456671168
51339,37.550245000000004,55.716566,41.0,21.81783250993122
95862,37.850971,55.624262,10.0,2.1443778456671168
61056,37.628955000000005,55.744432,12.0,3.001350866475141
87420,37.631182,55.764815000000006,12.0,6.43549098550547
32207,37.61725,55.752452000000005,11.0,2.572864356071129
52874,37.770272,55.660699,10.0,2.1443778456671168
11523,37.648962000000004,55.743133,3.0,3.6385979804095863
5309,37.590704,55.748048000000004,23.0,7.8804193706313
13766,37.390882000000005,55.914907,11.0,2.572864356071129
7339,37.843634,55.869377,10.0,2.1443778456671168
80105,37.642759,55.750817000000005,11.0,2.572864356071129
23395,37.584586,55.745486,16.0,6.365483159837831
70320,37.41247,55.892733,10.0,2.1443778456671168
42710,37.810117,55.673922000000005,10.0,2.1443778456671168
80697,37.595554,55.766933,11.0,2.572864356071129
59263,37.789718,55.907817,10.0,2.1443778456671168
95755,37.600487,55.630821000000005,10.0,2.1443778456671168
50641,37.434573,55.871028,10.0,2.1443778456671168
47821,37.352645,55.663995,10.0,2.426649011774811
54119,37.675506,55.712163000000004,10.0,2.1443778456671168
90624,37.627479,55.742942,14.0,4.9511552307004045
39,37.396786,55.56797,6.0,2.1236617696161173
62318,37.383781,55.716355,11.0,2.1236617696161173
70574,37.624648,55.768791,10.0,3.94158522256828
33691,37.723932000000005,55.84714,11.0,2.572864356071129
81522,37.618331000000005,55.761202000000004,12.0,6.365483159837831
93908,37.789174,55.904197,8.0,2.1236617696161173
42817,37.353122,55.81035,10.0,2.1443778456671168
32475,37.354933,55.787955000000004,10.0,2.1443778456671168
83396,37.555784,55.78801,10.0,2.1463555487930384
97279,37.641053,55.755593000000005,11.0,3.6385979804095863
62322,37.542182000000004,55.674813,10.0,2.1443778456671168
52311,37.552488000000004,55.713453,42.0,15.855946178595506
19302,37.35793,55.691654,10.0,2.1443778456671168
89438,37.35652,55.814315,10.0,2.1443778456671168
65394,37.47038,55.581776000000005,17.0,5.143783418495202
24900,37.628794,55.765104,11.0,2.572864356071129
10266,37.593102,55.752706,13.0,3.4298373768791532
60067,37.533973,55.781671,10.0,2.1443778456671168
17945,37.629409,55.782279,10.0,2.1443778456671168
10484,37.626769,55.749408,15.0,4.286810397687177
41058,37.467067,55.579157,20.0,6.429242949707238
15633,37.737013000000005,55.839535000000005,11.0,2.477262306025293
59002,37.730036,55.620541,10.0,2.426649011774811
90576,37.796176,55.679977,10.0,2.1443778456671168
64113,37.453129000000004,55.614111,10.0,2.1443778456671168
1325,37.374584,55.737736000000005,9.0,2.426649011774811
82847,37.618397,55.768288000000005,11.0,5.7595086755204425
8831,37.382934,55.611942,10.0,2.1443778456671168
59870,37.515311000000004,55.716108000000006,8.0,2.229873013557782
91474,37.364155000000004,55.572883000000004,7.0,2.1236617696161173
34013,37.604686,55.757386000000004,20.0,6.429242949707238
10517,37.758694,55.66279,10.0,2.1443778456671168
3570,37.627035,55.770999,16.0,4.715296908091189
80348,37.626388,55.755713,14.0,3.858323887283165
63523,37.553449,55.716475,44.0,22.51579499589369
80556,37.619778000000004,55.733560000000004,9.0,4.547559706885668
34011,37.595394,55.745419000000005,19.0,8.167216032778047
37745,37.632214000000005,55.761026,10.0,2.1443778456671168
18031,37.639616000000004,55.683265000000006,9.0,2.229873013557782
4588,37.411664,55.770414,7.0,2.426649011774811
55811,37.52771,55.834407,10.0,2.1443778456671168
63020,37.757374,55.608455,8.0,2.1236617696161173
25602,37.55335,55.717317,40.0,18.48497284618558
52138,37.572511,55.740757,7.0,2.1236617696161173
93487,37.589457,55.760108,11.0,4.547559706885668
5092,37.646002,55.742581,13.0,6.365483159837831
24826,37.630142,55.751755,12.0,7.4250481553755145
42319,37.719373000000004,55.661429000000005,10.0,2.1443778456671168
60885,37.623062000000004,55.761956000000005,16.0,5.7595086755204425
94974,37.740771,55.898575,11.0,2.572864356071129
69181,37.628303,55.754884000000004,18.0,5.572269928899214
91744,37.629567,55.768525000000004,11.0,2.572864356071129
67772,37.634094000000005,55.753445,13.0,3.4298373768791532
69346,37.419299,55.603517000000004,10.0,2.1443778456671168
99889,37.634676,55.752648,21.0,7.274444886313912
70840,37.867655,55.881656,12.0,3.001350866475141
58858,37.696332,55.703695,9.0,2.1236617696161173
40572,37.539285,55.707480000000004,8.0,2.229873013557782
97273,37.843785000000004,55.574829,11.0,2.572864356071129
10610,37.612932,55.768372,15.0,4.286810397687177
52756,37.389453,55.874678,11.0,2.1236617696161173
59725,37.601028,55.75616,14.0,3.858323887283165
52543,37.507524000000004,55.767591,9.0,2.1236617696161173
63844,37.805315,55.885192,10.0,2.1443778456671168
19325,37.602629,55.755011,16.0,8.789381097107382
6621,37.618211,55.753169,15.0,4.286810397687177
36270,37.700994,55.813231,13.0,2.1236617696161173
93706,37.534088000000004,55.593784,10.0,2.1443778456671168
15038,37.615441000000004,55.741693000000005,19.0,6.000756439303226
5340,37.586187,55.750253,16.0,4.715296908091189
70872,37.444792,55.629505,11.0,2.572864356071129
63790,37.623933,55.747836,14.0,10.046516207688644
20157,37.619296,55.758235,15.0,7.274444886313912
74282,37.802553,55.766214000000005,10.0,2.1443778456671168
44159,37.380387,55.579178,10.0,2.1443778456671168
45933,37.614403,55.710836,11.0,2.572864356071129
26194,37.365608,55.851258,10.0,2.1443778456671168
68612,37.646044,55.748917000000006,13.0,3.4298373768791532
55672,37.415944,55.81644,8.0,2.1463555487930384
11866,37.610962,55.755191,15.0,4.244572464726974
98479,37.411551,55.663014000000004,10.0,2.1443778456671168
98157,37.612172,55.742824,17.0,5.143783418495202
72009,37.690474,55.744251000000006,10.0,2.426649011774811
73715,37.471794,55.579705000000004,18.0,5.572269928899214
64527,37.600274,55.736653000000004,16.0,4.715296908091189
51296,37.615990000000004,55.764963,17.0,5.143783418495202
37609,37.640757,55.914308000000005,12.0,3.032623496092199
85387,37.590215,55.763624,13.0,3.4298373768791532
2594,37.390803,55.835515,10.0,2.1443778456671168
43366,37.62323,55.736026,11.0,2.572864356071129
32401,37.502635,55.868079,10.0,2.1443778456671168
50188,37.562988000000004,55.608624,8.0,2.1236617696161173
91722,37.610516000000004,55.769996,17.0,5.143783418495202
36817,37.36905,55.685598,10.0,2.1443778456671168
4736,37.68716,55.739654,12.0,3.001350866475141
37054,37.594467,55.742692000000005,15.0,7.577432128472607
97553,37.649963,55.755811,14.0,3.858323887283165
33374,37.468709000000004,55.577741,15.0,7.274444886313912
41966,37.548499,55.887186,9.0,2.1236617696161173
45160,37.622521,55.751865,16.0,4.715296908091189
75462,37.615738,55.745783,23.0,7.716764295945792
84824,37.605984,55.739200000000004,19.0,7.8804193706313
67956,37.474852,55.836125,10.0,2.1443778456671168
28898,37.634467,55.752864,13.0,7.274444886313912
41923,37.61309,55.771359000000004,16.0,4.715296908091189
12642,37.837934000000004,55.914806000000006,11.0,2.572864356071129
67980,37.639335,55.738640000000004,15.0,4.244572464726974
10503,37.625086,55.746472000000004,12.0,5.456521433361749
659,37.551052,55.713164,38.0,14.142000136979458
44788,37.633886000000004,55.747685000000004,10.0,3.6385979804095863
76741,37.766959,55.563025,11.0,2.572864356071129
19173,37.615748,55.749721,18.0,6.645531844570263
67668,37.610712,55.759559,16.0,7.177658862908002
55251,37.593585000000004,55.747246000000004,15.0,4.286810397687177
91142,37.453213,55.867989,9.0,2.229873013557782
29496,37.683172,55.795169,10.0,2.1443778456671168
31961,37.695835,55.663612,11.0,2.572864356071129
12985,37.446966,55.616449,9.0,2.1236617696161173
47661,37.469226,55.686314,8.0,2.1236617696161173
81582,37.59747,55.739961,11.0,5.7595086755204425
56063,37.525361000000004,55.640379,10.0,2.1443778456671168
62427,37.614738,55.768985,14.0,3.858323887283165
31840,37.575454,55.656462000000005,9.0,2.972040890960315
67564,37.527944,55.587681,10.0,2.477262306025293
65907,37.62028,55.740926,12.0,3.001350866475141
72866,37.843404,55.793478,11.0,2.572864356071129
60270,37.640868000000005,55.765902000000004,17.0,5.143783418495202
87392,37.619566,55.741322000000004,10.0,3.032623496092199
37579,37.553848,55.716260000000005,30.0,22.51579499589369
36940,37.632314,55.762273,17.0,5.143783418495202
82412,37.585313,55.752249,15.0,4.244572464726974
22920,37.801756000000005,55.913955,10.0,2.1443778456671168
22179,37.621113,55.73603,16.0,4.715296908091189
31844,37.631158,55.681457,6.0,2.1236617696161173
63234,37.351949000000005,55.663825,8.0,2.426649011774811
41029,37.39806,55.732428,10.0,2.1443778456671168
71017,37.457312,55.748144,10.0,2.426649011774811
47642,37.642643,55.744330000000005,16.0,4.715296908091189
16486,37.594997,55.914043,10.0,2.1443778456671168
12930,37.795693,55.780986000000006,11.0,2.572864356071129
42422,37.792046,55.914975000000005,10.0,2.1443778456671168
51844,37.619226000000005,55.734036,12.0,3.001350866475141
3579,37.709496,55.58939,13.0,3.4298373768791532
69755,37.593693,55.760163000000006,15.0,4.286810397687177
58852,37.598201,55.853315,7.0,2.229873013557782
9672,37.713959,55.816668,10.0,2.1443778456671168
78829,37.587848,55.742275,17.0,5.143783418495202
22171,37.610211,55.767507,14.0,4.244572464726974
76810,37.527371,55.808375000000005,9.0,2.1236617696161173
80902,37.602182,55.759678,12.0,5.456521433361749
73761,37.549712,55.717939,45.0,17.141405709807543
48225,37.595057000000004,55.744319000000004,19.0,6.000756439303226
97715,37.429236,55.817587,11.0,2.1236617696161173
33569,37.625234,55.750063000000004,15.0,9.404162495115601
60387,37.595655,55.759738000000006,14.0,6.188101693037958
84087,37.598111,55.73666,12.0,6.668470401996524
97788,37.590744,55.754716,17.0,5.143783418495202
17888,37.611651,55.734023,17.0,5.7595086755204425
78305,37.58712,55.761855000000004,14.0,3.858323887283165
15675,37.642766,55.739650000000005,20.0,7.274444886313912
98804,37.575353,55.656736,9.0,2.2788978381895744
86295,37.820171,55.828945000000004,8.0,2.1236617696161173
44667,37.594438000000004,55.62483,10.0,2.1443778456671168
72703,37.629498,55.746753000000005,12.0,3.001350866475141
29972,37.423572,55.644315,9.0,2.1236617696161173
73197,37.608527,55.628397,12.0,3.001350866475141
55243,37.507535000000004,55.842707000000004,9.0,2.1236617696161173
2384,37.845671,55.581791,10.0,2.1443778456671168
6934,37.644352000000005,55.743958,12.0,3.001350866475141
68616,37.643275,55.747265,19.0,6.000756439303226
91036,37.604218,55.767525,20.0,6.429242949707238
59502,37.826587,55.762894,10.0,2.1443778456671168
67123,37.568432,55.805939,10.0,2.1443778456671168
90975,37.551098,55.717855,35.0,12.856540605767421
63525,37.6198,55.737777,12.0,3.001350866475141
81870,37.412585,55.83017,11.0,2.572864356071129
16749,37.633222,55.737325000000006,13.0,7.919826740310537
22834,37.817524,55.888983,12.0,3.001350866475141
46350,37.614943000000004,55.760231000000005,16.0,4.715296908091189
57662,37.459022000000004,55.873937000000005,10.0,2.1443778456671168
8811,37.711971,55.854422,10.0,2.1443778456671168
69009,37.616002,55.749919000000006,10.0,6.645531844570263
82278,37.483393,55.631706,10.0,2.426649011774811
40200,37.805433,55.632870000000004,10.0,2.1443778456671168
1409,37.649363,55.750084,21.0,6.85772946011125
22737,37.537294,55.658204000000005,10.0,2.1443778456671168
40838,37.636728,55.76307,15.0,4.286810397687177
47654,37.508047000000005,55.741907000000005,10.0,2.1236617696161173
15547,37.501200000000004,55.781054000000005,9.0,2.1236617696161173
2051,37.591621,55.747149,15.0,4.850546949044362
15083,37.631127,55.765163,13.0,4.547559706885668
35241,37.369484,55.789929,9.0,2.229873013557782
27828,37.635828000000004,55.745940000000004,18.0,6.365483159837831
72706,37.61844,55.763256000000005,12.0,3.001350866475141
97809,37.366069,55.831257,10.0,2.1443778456671168
92150,37.62176,55.740555,18.0,5.572269928899214
6596,37.725428,55.883722,10.0,2.1443778456671168
4056,37.777633,55.645887,10.0,2.1443778456671168
14510,37.649241,55.748603,10.0,3.3356107382508924
1503,37.620197000000005,55.742825,16.0,4.715296908091189
30812,37.564549,55.710156000000005,10.0,2.1443778456671168
58962,37.628763,55.759733000000004,13.0,3.4298373768791532
62971,37.644464,55.751157,11.0,6.930269570440492
22259,37.600178,55.738554,8.0,6.217038864020051
11967,37.625317,55.756723,17.0,5.456521433361749
88785,37.608908,55.768362,13.0,3.4298373768791532
4188,37.747926,55.798844,10.0,2.1443778456671168
91416,37.608595,55.753602,11.0,2.572864356071129
14445,37.64896,55.749558,12.0,4.244572464726974
93300,37.609719,55.766223000000004,17.0,5.143783418495202
8080,37.527255000000004,55.839620000000004,10.0,2.426649011774811
9374,37.54674,55.597306,10.0,2.1443778456671168
65448,37.613656,55.760509,18.0,7.577432128472607
47332,37.593782000000004,55.743023,11.0,6.365483159837831
58393,37.634692,55.745173,20.0,8.789381097107382
83330,37.626828,55.769639000000005,12.0,4.547559706885668
13153,37.634011,55.768558,13.0,3.4298373768791532
89422,37.437721,55.904512000000004,10.0,2.1443778456671168
36370,37.59394,55.753488000000004,16.0,6.668470401996524
27605,37.640259,55.748079000000004,13.0,3.4298373768791532
51154,37.605729000000004,55.762411,18.0,5.572269928899214
18844,37.605212,55.753812,17.0,5.693323108102937
30065,37.677085,55.702272,10.0,2.1443778456671168
8723,37.601562,55.585522000000005,7.0,2.1236617696161173
39207,37.498099,55.752716,10.0,2.1443778456671168
79305,37.630958,55.746027000000005,14.0,3.858323887283165
17804,37.606212,55.769064,16.0,10.146330372518136
17720,37.619379,55.757789,19.0,7.274444886313912
24800,37.483716,55.564553000000004,10.0,2.1443778456671168
51618,37.573368,55.67698,10.0,2.1443778456671168
42414,37.605941,55.768463000000004,10.0,2.1443778456671168
61059,37.631051,55.765996,19.0,6.000756439303226
45601,37.353885,55.802891,10.0,2.1443778456671168
75000,37.710912,55.689914,11.0,2.5748485293432504
74407,37.756297,55.777589,10.0,2.1443778456671168
11107,37.594845,55.762462,17.0,6.062495917679136
71541,37.593802000000004,55.758335,18.0,4.850546949044362
82859,37.634741,55.739618,20.0,7.577432128472607
42402,37.554812,55.864595,11.0,2.572864356071129
87748,37.652685,55.753265,8.0,4.850546949044362
86596,37.445779,55.564301,10.0,2.1443778456671168
38902,37.608968000000004,55.747116000000005,17.0,5.143783418495202
34515,37.626186000000004,55.761191000000004,14.0,3.858323887283165
93399,37.665768,55.820032000000005,10.0,2.1443778456671168
18733,37.757589,55.615808,9.0,2.1236617696161173
19989,37.473539,55.824421,12.0,3.001350866475141
43648,37.604999,55.758479,19.0,6.000756439303226
32110,37.731712,55.637003,10.0,2.1443778456671168
43372,37.605412,55.764772,15.0,4.286810397687177
51839,37.631038000000004,55.749559000000005,15.0,4.286810397687177
29973,37.448782,55.886081000000004,11.0,2.572864356071129
87667,37.61383,55.763164,16.0,4.715296908091189
72630,37.598472,55.738504,17.0,5.143783418495202
50671,37.55684,55.717043000000004,34.0,12.428054095363407
39179,37.633392,55.837328,8.0,2.1236617696161173
16809,37.789895,55.805833,12.0,3.001350866475141
80941,37.437135000000005,55.570892,10.0,2.1443778456671168
94999,37.376181,55.776108,10.0,2.1443778456671168
338,37.651021,55.583027,11.0,2.572864356071129
24236,37.62017,55.745491,14.0,3.858323887283165
23468,37.367149000000005,55.896931,11.0,2.572864356071129
47477,37.637437,55.691541,10.0,2.1443778456671168
85178,37.449339,55.846124,10.0,2.1443778456671168
7859,37.621236,55.743819,15.0,4.286810397687177
48764,37.772586000000004,55.695249000000004,6.0,2.1236617696161173
11089,37.618376000000005,55.735898,15.0,4.286810397687177
15762,37.632314,55.747516000000005,14.0,6.365483159837831
71899,37.621454,55.741163,15.0,4.286810397687177
95371,37.833942,55.812019,10.0,2.1443778456671168
90448,37.571671,55.687241,11.0,2.572864356071129
63371,37.602679,55.758368000000004,14.0,5.7595086755204425
3593,37.47491,55.913291,10.0,2.1443778456671168
1322,37.584747,55.745212,15.0,6.365483159837831
10306,37.525891,55.882224,10.0,2.229873013557782
37374,37.643895,55.74259,16.0,4.715296908091189
56786,37.552231,55.87181,10.0,2.1443778456671168
97784,37.621774,55.755062,18.0,5.572269928899214
66625,37.826447,55.625103,11.0,2.426649011774811
3148,37.593698,55.748171,19.0,6.000756439303226
67340,37.536432000000005,55.90719,11.0,2.572864356071129
29446,37.437337,55.600170000000006,10.0,2.1443778456671168
34986,37.425801,55.665426000000004,10.0,2.1443778456671168
54946,37.646914,55.754184,10.0,3.94158522256828
10296,37.633044,55.751477,12.0,3.3356107382508924
93037,37.355621,55.771522000000004,11.0,2.572864356071129
4100,37.63319,55.755206,12.0,5.456521433361749
24069,37.627909,55.734258000000004,15.0,4.9511552307004045
89430,37.608758,55.766497,16.0,4.715296908091189
32679,37.40717,55.790394,11.0,2.572864356071129
15497,37.598029000000004,55.853074,10.0,2.229873013557782
97682,37.602414,55.761314,10.0,2.1443778456671168
20375,37.588668,55.743086000000005,17.0,4.547559706885668
67370,37.823921,55.897137,9.0,2.1236617696161173
40633,37.602447,55.701636,10.0,2.1443778456671168
24202,37.620682,55.734076,15.0,4.286810397687177
80732,37.633579000000005,55.638479000000004,10.0,2.1443778456671168
99351,37.465263,55.581774,18.0,5.572269928899214
33917,37.577042,55.844933000000005,11.0,2.572864356071129
82811,37.618553,55.759855,12.0,3.001350866475141
53721,37.817244,55.632303,8.0,2.1236617696161173
61691,37.605196,55.876208000000005,10.0,2.1443778456671168
48734,37.865077,55.560116,10.0,2.1443778456671168
47936,37.361991,55.826259,10.0,2.1443778456671168
71620,37.564257000000005,55.626358,11.0,2.1236617696161173
95756,37.376629,55.736477,10.0,2.1443778456671168
42871,37.748034000000004,55.742183000000004,11.0,2.572864356071129
67673,37.594815000000004,55.764742000000005,12.0,5.7595086755204425
87394,37.61863,55.756278,16.0,4.715296908091189
68982,37.509723,55.702631000000004,10.0,2.1443778456671168
10597,37.624223,55.735761000000004,16.0,4.715296908091189
83029,37.612798,55.735653,17.0,8.486393854948687
25059,37.456292000000005,55.901468,10.0,2.1443778456671168
87747,37.649475,55.756204000000004,12.0,5.445933815635426
29434,37.504043,55.905267,10.0,2.1443778456671168
24271,37.602029,55.758303000000005,15.0,5.7595086755204425
9416,37.625751,55.766021,13.0,3.4298373768791532
33028,37.470319,55.582626000000005,17.0,5.143783418495202
13651,37.607873,55.763048000000005,11.0,2.572864356071129
44805,37.610569,55.739723000000005,14.0,3.858323887283165
15470,37.630257,55.754466,15.0,4.286810397687177
60444,37.593126,55.758318,8.0,4.850546949044362
84862,37.553531,55.718185000000005,40.0,14.998973157787479
96386,37.587430000000005,55.748589,11.0,6.062495917679136
33170,37.611683,55.764186,12.0,6.930269570440492
87485,37.618427000000004,55.768656,18.0,5.7595086755204425
16119,37.633423,55.841932,11.0,2.572864356071129
74928,37.601479000000005,55.762982,8.0,2.1236617696161173
36731,37.638304,55.760316,13.0,4.547559706885668
71283,37.592314,55.747576,16.0,6.668470401996524
18460,37.613556,55.751983,13.0,6.43549098550547
79457,37.602988,55.750981,13.0,3.4298373768791532
81801,37.553489,55.716385,32.0,22.51579499589369
31618,37.705071000000004,55.606084,10.0,2.1443778456671168
8497,37.636025000000004,55.763694,20.0,6.365483159837831
86146,37.36507,55.599067000000005,10.0,2.1443778456671168
65333,37.790256,55.785294,10.0,2.1443778456671168
36352,37.455890000000004,55.653799,7.0,2.1236617696161173
74016,37.62195,55.736624,16.0,4.715296908091189
51929,37.351194,55.631071000000006,11.0,2.572864356071129
18942,37.679970000000004,55.748715000000004,12.0,3.001350866475141
14092,37.611589,55.770347,15.0,4.286810397687177
51635,37.471589,55.583233,18.0,5.572269928899214
25871,37.598406000000004,55.76766,11.0,3.6385979804095863
50588,37.641582,55.743535,15.0,4.286810397687177
22430,37.610022,55.744800000000005,12.0,3.001350866475141
70211,37.603233,55.738936,15.0,8.573750257046216
93371,37.737410000000004,55.839189000000005,6.0,2.477262306025293
11204,37.408756000000004,55.811966000000005,10.0,2.1443778456671168
90698,37.604547000000004,55.752727,15.0,4.286810397687177
76882,37.631343,55.751083,15.0,4.286810397687177
56663,37.668009,55.829197,11.0,2.572864356071129
27700,37.620158,55.756851000000005,12.0,3.001350866475141
98009,37.599012,55.766542,17.0,10.393719664985646
57512,37.626315,55.751512000000005,12.0,3.001350866475141
7599,37.61622,55.761148000000006,11.0,2.572864356071129
50096,37.613328,55.765137,16.0,4.715296908091189
62636,37.470516,55.578887,19.0,6.000756439303226
38063,37.825067000000004,55.604792,11.0,2.426649011774811
51685,37.529013,55.781574,10.0,2.1443778456671168
67113,37.595942,55.747618,19.0,6.062495917679136
85664,37.60958,55.761718,15.0,4.286810397687177
62023,37.54115,55.620142,10.0,2.1443778456671168
46003,37.642654,55.8508,10.0,2.1443778456671168
28461,37.615698,55.755186,13.0,3.4298373768791532
236,37.635204,55.743114000000006,12.0,5.153534191203056
36524,37.58082,55.750843,8.0,2.1236617696161173
42447,37.63105,55.743491,18.0,6.062495917679136
45258,37.405666000000004,55.878601,10.0,2.1443778456671168
92214,37.669031000000004,55.601574,11.0,2.1236617696161173
61693,37.627647,55.768912,10.0,5.153534191203056
39984,37.798120000000004,55.767039000000004,10.0,2.1443778456671168
17202,37.647048,55.758860000000006,13.0,7.502517805670687
81580,37.638490000000004,55.757221,13.0,3.4298373768791532
30606,37.747448,55.569872000000004,10.0,2.1443778456671168
84413,37.530955,55.766271,9.0,2.1236617696161173
37633,37.682641000000004,55.608285,10.0,2.1443778456671168
81855,37.804274,55.828513,10.0,2.1443778456671168
17024,37.615931,55.759854000000004,19.0,10.393719664985646
40912,37.648918,55.748778,11.0,3.714208768362848
33589,37.722005,55.742808000000004,10.0,2.1443778456671168
36064,37.673649000000005,55.799029000000004,9.0,2.1236617696161173
45064,37.606142,55.763946000000004,18.0,5.572269928899214
94669,37.619611,55.761943,12.0,4.850546949044362
21066,37.608059000000004,55.745037,15.0,4.286810397687177
68608,37.642773,55.760577000000005,12.0,3.001350866475141
81256,37.593408000000004,55.756783000000006,17.0,5.456521433361749
90350,37.353773000000004,55.890077000000005,10.0,2.1443778456671168
48339,37.786613,55.648873,9.0,2.1236617696161173
28935,37.611991,55.757652,11.0,2.426649011774811
44208,37.625391,55.748728,17.0,8.183406612789994
85341,37.557967000000005,55.880987000000005,10.0,2.1443778456671168
37662,37.537306,55.815487000000005,11.0,2.572864356071129
53561,37.619722,55.741252,10.0,3.032623496092199
26021,37.633471,55.736166000000004,16.0,7.919826740310537
60622,37.605481000000005,55.753816,12.0,5.7595086755204425
55320,37.628708,55.752407000000005,13.0,6.365483159837831
1950,37.612752,55.76702,15.0,4.286810397687177
22999,37.635975,55.764211,15.0,4.286810397687177
35325,37.528953,55.671642000000006,11.0,2.572864356071129
16094,37.585132,55.756823000000004,7.0,5.153534191203056
68470,37.594823,55.758751000000004,16.0,4.715296908091189
94698,37.650234000000005,55.813247000000004,11.0,2.426649011774811
50572,37.59919,55.739954000000004,10.0,2.1443778456671168
32236,37.633738,55.746016000000004,13.0,3.4298373768791532
63486,37.476292,55.867431,10.0,2.1236617696161173
64907,37.481435000000005,55.813038,10.0,2.1443778456671168
76067,37.674386,55.828572,9.0,2.1236617696161173
28133,37.368301,55.606071,7.0,2.1236617696161173
19189,37.853298,55.676513,10.0,2.1443778456671168
65210,37.838343,55.818333,9.0,2.729636253933505
56762,37.593312000000005,55.751117,12.0,3.001350866475141
85437,37.756947000000004,55.778088000000004,7.0,2.1236617696161173
10584,37.388717,55.616833,10.0,2.1443778456671168
77759,37.615662,55.760549000000005,16.0,4.715296908091189
69699,37.730077,55.574715000000005,10.0,2.1443778456671168
58076,37.625013,55.752511000000005,13.0,7.4250481553755145
45911,37.692394,55.727131,10.0,2.1443778456671168
61850,37.633686000000004,55.757773,16.0,4.715296908091189
53,37.374372,55.587493,11.0,2.572864356071129
31045,37.4563,55.893012,9.0,2.1236617696161173
13801,37.591317000000004,55.76192,10.0,2.1443778456671168
911,37.616439,55.763648,20.0,6.429242949707238
48270,37.681455,55.777812000000004,10.0,2.1443778456671168
15027,37.541185,55.563567,10.0,2.1443778456671168
60004,37.444737,55.806432,11.0,2.572864356071129
32027,37.583396,55.755434,16.0,4.715296908091189
54063,37.578045,55.867199,10.0,2.1443778456671168
97862,37.633185000000005,55.741202,14.0,5.7595086755204425
79120,37.626317,55.766461,13.0,5.7595086755204425
20840,37.570844,55.867113,10.0,2.1443778456671168
29903,37.64188,55.848077,11.0,2.572864356071129
92709,37.700301,55.821741,11.0,2.572864356071129
56870,37.628374,55.749317000000005,9.0,3.94158522256828
69908,37.466067,55.582213,22.0,10.001330065742156
89719,37.626651,55.770458000000005,17.0,5.143783418495202
95511,37.578598,55.723488,10.0,2.1443778456671168
73721,37.6751,55.56219,10.0,2.1443778456671168
91073,37.633936,55.764601,13.0,5.7595086755204425
22441,37.536444,55.77687,7.0,2.477262306025293
29566,37.84567,55.627312,7.0,2.1236617696161173
66761,37.549243000000004,55.715467000000004,30.0,10.71410805374736
43194,37.638179,55.750212000000005,11.0,2.572864356071129
18210,37.550112,55.572952,9.0,2.729636253933505
86502,37.621794,55.770383,10.0,2.1443778456671168
62754,37.671873,55.703274,10.0,2.1443778456671168
96088,37.708782,55.582735,10.0,2.1443778456671168
2867,37.588587000000004,55.754225000000005,14.0,3.858323887283165
54739,37.782559,55.886316,11.0,2.572864356071129
92821,37.626022,55.748833000000005,20.0,8.183406612789994
20243,37.736246,55.66903,11.0,2.572864356071129
83367,37.383825,55.780881,10.0,2.1443778456671168
44315,37.623238,55.751458,12.0,3.001350866475141
11150,37.591715,55.757438,14.0,3.858323887283165
60515,37.619443000000004,55.880586,11.0,2.426649011774811
64695,37.612028,55.744401,19.0,6.000756439303226
37962,37.61764,55.763317,12.0,3.001350866475141
36093,37.729439,55.846464000000005,10.0,2.7246515984928044
70868,37.627208,55.73785,13.0,5.7595086755204425
68082,37.512985,55.560626,10.0,2.1443778456671168
59367,37.621503000000004,55.769076000000005,12.0,4.9511552307004045
39643,37.633742,55.765865000000005,12.0,6.365483159837831
27446,37.603872,55.735091000000004,10.0,2.1443778456671168
1581,37.550908,55.716843000000004,28.0,9.857135032939334
2624,37.82921,55.574904000000004,10.0,2.1443778456671168
97904,37.608467000000005,55.734729,15.0,4.286810397687177
8104,37.59073,55.752858,16.0,5.456521433361749
6393,37.737656,55.572325,12.0,3.001350866475141
54915,37.379271,55.887209000000006,11.0,2.572864356071129
79073,37.549865000000004,55.714203000000005,30.0,10.71410805374736
9195,37.601676000000005,55.754834,16.0,4.715296908091189
83448,37.614215,55.765820000000005,16.0,4.715296908091189
77065,37.634738,55.858328,10.0,2.1443778456671168
3408,37.420382000000004,55.673844,6.0,2.229873013557782
53150,37.684102,55.569655000000004,11.0,2.572864356071129
98094,37.600978000000005,55.76042,7.0,4.244572464726974
79369,37.603604000000004,55.739165,16.0,8.573750257046216
8565,37.831757,55.818945,9.0,2.1236617696161173
2987,37.678172,55.82509,10.0,2.1443778456671168
62435,37.603868,55.747437000000005,8.0,2.426649011774811
8551,37.396604,55.580522,10.0,2.1443778456671168
5077,37.648889000000004,55.752959000000004,13.0,3.4298373768791532
68199,37.600872,55.751645,12.0,3.001350866475141
40867,37.629693,55.742586,18.0,5.572269928899214
35668,37.620208,55.752228,13.0,6.43549098550547
2818,37.464422,55.571777000000004,10.0,2.1443778456671168
58136,37.357414,55.802107,10.0,2.1443778456671168
8537,37.404165,55.741055,10.0,2.1443778456671168
89531,37.586495,55.759857000000004,15.0,4.244572464726974
78841,37.504087,55.902009,10.0,2.1443778456671168
44712,37.676049,55.789165000000004,7.0,2.729636253933505
70288,37.617692,55.743061000000004,15.0,6.062495917679136
28794,37.624061000000005,55.735294,15.0,4.286810397687177
79966,37.634357,55.740912,18.0,5.572269928899214
51331,37.704201000000005,55.905313,10.0,2.1443778456671168
5284,37.623851,55.750282000000006,14.0,3.858323887283165
39976,37.761418,55.673268,13.0,2.229873013557782
5885,37.650518,55.748892000000005,14.0,3.858323887283165
17996,37.633498,55.749017,15.0,4.286810397687177
51773,37.408844,55.825276,11.0,2.572864356071129
82107,37.536595,55.847607,8.0,2.1236617696161173
43094,37.417639,55.818296000000004,10.0,2.1443778456671168
26374,37.647936,55.759533000000005,20.0,6.429242949707238
10043,37.602193,55.569051,11.0,2.1236617696161173
19656,37.603056,55.742630000000005,12.0,6.062495917679136
2348,37.614335000000004,55.745661000000005,13.0,3.4298373768791532
43291,37.555247,55.787759,9.0,2.729636253933505
11929,37.597395,55.737527,11.0,7.274444886313912
26079,37.672087000000005,55.739841000000006,12.0,3.001350866475141
97627,37.591394,55.751098,18.0,5.572269928899214
48931,37.649247,55.744173,16.0,6.062495917679136
12713,37.472673,55.577699,20.0,6.429242949707238
39358,37.597648,55.73605,14.0,3.858323887283165
43147,37.621576000000005,55.721734000000005,10.0,2.1443778456671168
29078,37.572337000000005,55.749076,11.0,2.572864356071129
87904,37.511588,55.660384,10.0,2.1443778456671168
47816,37.591674000000005,55.759296,12.0,3.001350866475141
64567,37.595292,55.762451000000006,13.0,6.062495917679136
11322,37.616381000000004,55.752291,16.0,4.715296908091189
10540,37.647668,55.7586,13.0,4.850546949044362
84151,37.650441,55.813203,7.0,2.426649011774811
90464,37.522905,55.71351,9.0,2.1236617696161173
19331,37.558394,55.572398,10.0,2.1443778456671168
38774,37.780535,55.804857000000005,10.0,2.1443778456671168
83314,37.517214,55.721354000000005,9.0,2.729636253933505
3147,37.624506000000004,55.756809000000004,17.0,5.456521433361749
5517,37.65742,55.712619000000004,8.0,2.229873013557782
7838,37.552005,55.714842000000004,44.0,16.712919199403526
87293,37.367847000000005,55.757926000000005,10.0,2.1443778456671168
21989,37.636233000000004,55.737969,11.0,5.456521433361749
83816,37.613298,55.768820000000005,16.0,4.715296908091189
30861,37.726457,55.90198,10.0,2.1443778456671168
85369,37.646527,55.744824,16.0,4.715296908091189
44812,37.771034,55.82799,12.0,3.001350866475141
10127,37.766513,55.916865,10.0,2.1443778456671168
7436,37.621883000000004,55.753157,16.0,7.6724374478430235
40790,37.660324,55.738477,11.0,2.572864356071129
25945,37.610133000000005,55.764540000000004,12.0,3.001350866475141
39555,37.725390000000004,55.907133,10.0,2.1443778456671168
3197,37.624471,55.741332,12.0,6.682880277972981
56363,37.608422000000004,55.618144,10.0,2.729636253933505
81073,37.854853,55.817234,7.0,2.426649011774811
22129,37.604916,55.754209,9.0,4.850546949044362
30586,37.60508,55.748585000000006,14.0,3.858323887283165
56808,37.783572,55.570231,12.0,3.001350866475141
25834,37.60728,55.766759,13.0,3.4298373768791532
96197,37.457737,55.844925,8.0,2.229873013557782
32368,37.636545,55.737753000000005,17.0,5.456521433361749
4211,37.815215,55.743081000000004,10.0,2.1443778456671168
27504,37.449004,55.801944,10.0,2.1443778456671168
5042,37.621398,55.75305,12.0,7.6724374478430235
4420,37.552302000000005,55.695975000000004,10.0,2.1443778456671168
92372,37.762596,55.898292000000005,10.0,2.1443778456671168
19468,37.633463,55.768899000000005,16.0,4.715296908091189
36489,37.42063,55.592695,11.0,2.572864356071129
30871,37.399619,55.900993,10.0,2.1443778456671168
65837,37.772691,55.647288,10.0,2.1443778456671168
70439,37.535827000000005,55.665383000000006,11.0,2.1236617696161173
87665,37.587565,55.749502,12.0,5.153534191203056
35859,37.511320000000005,55.776276,10.0,2.1443778456671168
3763,37.691719,55.770416000000004,6.0,2.477262306025293
74384,37.732119000000004,55.766824,11.0,2.572864356071129
2968,37.763505,55.670016000000004,12.0,3.001350866475141
67935,37.592515,55.747965,16.0,6.668470401996524
75271,37.66754,55.900038,10.0,2.1443778456671168
37939,37.734594,55.713378,10.0,2.1443778456671168
9664,37.652917,55.696088,11.0,2.572864356071129
40142,37.627296,55.76868,17.0,5.153534191203056
47408,37.580147000000004,55.749862,11.0,2.572864356071129
8451,37.621113,55.764948000000004,16.0,5.7595086755204425
12474,37.62277,55.747242,10.0,5.456521433361749
86421,37.470575000000004,55.789189,8.0,2.1463555487930384
57798,37.464218,55.578821000000005,16.0,4.715296908091189
22907,37.729831000000004,55.794497,10.0,2.1443778456671168
67436,37.738079,55.834069,10.0,2.1443778456671168
65084,37.476227,55.595462000000005,9.0,2.426649011774811
37601,37.528662000000004,55.644793,11.0,2.572864356071129
61068,37.464624,55.582055000000004,20.0,7.8804193706313
13193,37.560306000000004,55.783552,8.0,2.426649011774811
8601,37.600608,55.756712,18.0,5.572269928899214
92401,37.611555,55.738808,17.0,5.143783418495202
88459,37.521948,55.835525000000004,10.0,2.1443778456671168
3277,37.786013000000004,55.758841000000004,10.0,2.1443778456671168
59531,37.587629,55.754409,14.0,5.153534191203056
65738,37.500433,55.713418000000004,10.0,2.1443778456671168
88531,37.43966,55.702562,11.0,2.572864356071129
49385,37.720452,55.915154,11.0,2.572864356071129
61123,37.619595000000004,55.793306,9.0,2.1236617696161173
73596,37.616576,55.76034,16.0,4.715296908091189
12565,37.463792,55.580625000000005,26.0,9.00016201213131
63990,37.625855,55.735748,15.0,4.286810397687177
13580,37.610317,55.77065,19.0,6.000756439303226
66562,37.622235,55.742331,19.0,6.000756439303226
73858,37.474949,55.578398,11.0,2.572864356071129
68668,37.840304,55.661401000000005,8.0,2.1236617696161173
46558,37.355516,55.612647,9.0,2.1236617696161173
9772,37.771224000000004,55.834535,12.0,3.001350866475141
78995,37.60032,55.764878,16.0,7.274444886313912
75187,37.638195,55.766312,13.0,7.177658862908002
17932,37.648558,55.640501,8.0,2.1236617696161173
3573,37.576159000000004,55.826473,13.0,3.4298373768791532
45599,37.623691,55.748207,13.0,8.819277043324647
96966,37.359402,55.878174,7.0,2.229873013557782
90750,37.627573,55.736449,15.0,5.7595086755204425
16864,37.473789000000004,55.885755,8.0,2.1236617696161173
6460,37.608474,55.748063,13.0,6.062495917679136
25955,37.623988000000004,55.767734000000004,14.0,3.858323887283165
35772,37.725286000000004,55.852972,10.0,2.1443778456671168
35665,37.808785,55.789614,10.0,2.1443778456671168
89382,37.65009,55.745403,11.0,2.572864356071129
7352,37.501293000000004,55.781446,8.0,2.1236617696161173
4408,37.612906,55.677459,8.0,2.1236617696161173
99014,37.41522,55.81644,7.0,2.229873013557782
69687,37.616054,55.741248,12.0,3.001350866475141
49850,37.633349,55.741183,15.0,5.7595086755204425
22016,37.641464,55.74409,19.0,6.000756439303226
9196,37.587431,55.743401000000006,13.0,5.7595086755204425
98474,37.466382,55.576261,5.0,6.682880277972981
15882,37.650293000000005,55.756454000000005,14.0,3.858323887283165
72467,37.483151,55.674447,10.0,2.1443778456671168
34027,37.410346000000004,55.832451,10.0,2.1443778456671168
67062,37.640502,55.655134000000004,8.0,2.1236617696161173
47122,37.645333,55.740682,19.0,7.274444886313912
81026,37.602513,55.741779,16.0,8.486393854948687
35197,37.628061,55.757034000000004,13.0,3.4298373768791532
8864,37.499546,55.857903,6.0,2.1236617696161173
1007,37.625965,55.768654000000005,9.0,3.6385979804095863
57302,37.62476,55.687204,10.0,2.1443778456671168
5278,37.63873,55.758801000000005,13.0,3.4298373768791532
10267,37.648706000000004,55.743944,14.0,6.062495917679136
93929,37.603505,55.769555000000004,19.0,6.971457644155219
69107,37.585438,55.752148000000005,9.0,4.244572464726974
5381,37.596428,55.755341,16.0,4.715296908091189
29805,37.479007,55.73558,10.0,2.1443778456671168
11311,37.404327,55.692394,11.0,3.3356107382508924
48259,37.635896,55.768547000000005,10.0,2.1443778456671168
54722,37.369172,55.775964,10.0,2.1443778456671168
44657,37.618699,55.746606,14.0,3.858323887283165
70651,37.554629,55.5854,8.0,2.426649011774811
43951,37.536364,55.665348,6.0,2.1236617696161173
5126,37.642503000000005,55.674452,7.0,2.1236617696161173
48058,37.627864,55.734274,11.0,4.9511552307004045
75849,37.613617000000005,55.749271,14.0,6.971457644155219
83093,37.531142,55.863638,10.0,2.1443778456671168
28475,37.624676,55.734395,13.0,3.4298373768791532
51335,37.5995,55.764512,12.0,6.062495917679136
56404,37.746782,55.894415,8.0,2.1236617696161173
82227,37.441140000000004,55.740841,11.0,2.572864356071129
65357,37.640478,55.765244,17.0,5.143783418495202
26824,37.583386000000004,55.596105,10.0,2.1443778456671168
27161,37.496814,55.757429,9.0,3.032623496092199
24520,37.640876,55.914487,8.0,3.032623496092199
51886,37.602881000000004,55.743381,14.0,6.062495917679136
83990,37.368988,55.789641,7.0,2.229873013557782
39195,37.676832000000005,55.803703,10.0,2.1443778456671168
76448,37.620655,55.761489000000005,13.0,6.930269570440492
41053,37.643626000000005,55.715037,10.0,2.1443778456671168
85650,37.495777000000004,55.888451,11.0,2.1236617696161173
99523,37.7575,55.616044,8.0,2.1236617696161173
34052,37.644384,55.742070000000005,16.0,4.715296908091189
16721,37.685647,55.620386,10.0,2.1236617696161173
75430,37.786883,55.648656,8.0,2.1236617696161173
56735,37.549677,55.898705,10.0,2.1443778456671168
64638,37.410204,55.850489,11.0,2.572864356071129
81158,37.405018,55.579522000000004,10.0,2.1443778456671168
78442,37.610178000000005,55.729931,10.0,2.1443778456671168
20617,37.56412,55.806574000000005,10.0,2.1443778456671168
70996,37.50547,55.807122,8.0,2.1236617696161173
99263,37.757178,55.608191000000005,9.0,2.1236617696161173
77733,37.472094,55.777660000000004,10.0,2.1443778456671168
25711,37.461051000000005,55.599253000000004,11.0,2.572864356071129
42178,37.593742,55.750694,14.0,8.167216032778047
87375,37.616978,55.762947000000004,14.0,3.858323887283165
81837,37.692827,55.758805,10.0,2.1443778456671168
36059,37.648598,55.744529,12.0,3.6385979804095863
26905,37.627263,55.769543,13.0,6.682880277972981
11556,37.781905,55.695857000000004,10.0,2.1443778456671168
12767,37.544979,55.76305,10.0,2.1443778456671168
61766,37.81263,55.880406,10.0,2.1443778456671168
83372,37.587551000000005,55.748612,19.0,6.062495917679136
12949,37.840863,55.908249000000005,10.0,2.1443778456671168
67699,37.600502,55.758746,15.0,5.7595086755204425
64698,37.623152000000005,55.748920000000005,14.0,5.7595086755204425
91585,37.620695000000005,55.748272,17.0,5.143783418495202
86271,37.719523,55.818967,10.0,2.1443778456671168
378,37.606041000000005,55.769399,20.0,10.146330372518136
84944,37.620937,55.631485000000005,9.0,2.1236617696161173
10901,37.605007,55.745805000000004,17.0,5.143783418495202
91777,37.58749,55.75425,13.0,5.153534191203056
16464,37.748745,55.642233000000004,9.0,2.1236617696161173
67452,37.473792,55.579514,16.0,4.715296908091189
34434,37.701172,55.661281,7.0,2.426649011774811
68119,37.465832,55.582328000000004,21.0,10.001330065742156
40238,37.633521,55.754459000000004,14.0,3.858323887283165
13544,37.601021,55.753531,20.0,8.909383910180582
64482,37.644637,55.822826,11.0,2.572864356071129
52856,37.594007000000005,55.73897,13.0,4.850546949044362
42997,37.628623000000005,55.742114,12.0,5.456521433361749
89259,37.649211,55.751508,17.0,5.143783418495202
77210,37.592559,55.75992,9.0,5.198544523167914
20140,37.401626,55.83053,8.0,2.1236617696161173
10101,37.803229,55.693832,10.0,2.1443778456671168
26645,37.583156,55.748124000000004,15.0,3.3356107382508924
95097,37.596314,55.745111,15.0,5.7595086755204425
78112,37.852856,55.900301,10.0,2.426649011774811
6346,37.616678,55.749109000000004,13.0,3.4298373768791532
97704,37.602273000000004,55.755689000000004,16.0,9.898941080050625
5529,37.713812000000004,55.802358000000005,7.0,2.1236617696161173
49238,37.746183,55.911539000000005,10.0,2.1443778456671168
39311,37.466843000000004,55.772759,9.0,2.1236617696161173
59775,37.699075,55.876983,13.0,2.426649011774811
78903,37.617138000000004,55.751828,15.0,4.286810397687177
69353,37.689066000000004,55.729690000000005,11.0,2.572864356071129
1432,37.485881,55.757194000000005,10.0,2.1443778456671168
82704,37.615946,55.742107000000004,18.0,5.572269928899214
50663,37.363974,55.573057000000006,10.0,2.1236617696161173
37731,37.630689000000004,55.745271,14.0,3.858323887283165
59491,37.522337,55.79959,11.0,2.572864356071129
80555,37.4559,55.641167,10.0,2.1443778456671168
86465,37.600413,55.738536,14.0,6.217038864020051
80330,37.632064,55.744345,13.0,3.4298373768791532
74023,37.482662000000005,55.639123000000005,10.0,2.426649011774811
55853,37.63645,55.758772,14.0,3.858323887283165
52745,37.643635,55.74467,11.0,3.032623496092199
23219,37.620659,55.751983,13.0,6.43549098550547
28546,37.432963,55.605425000000004,11.0,2.729636253933505
41675,37.605805000000004,55.768988,20.0,10.146330372518136
96312,37.587435,55.758022000000004,10.0,2.1443778456671168
22218,37.471516,55.57865,20.0,6.429242949707238
98237,37.583861,55.751081,14.0,3.858323887283165
19649,37.719846000000004,55.744095,11.0,2.572864356071129
2883,37.695959,55.720018,10.0,3.003341509893462
4070,37.611583,55.766136,19.0,6.000756439303226
93712,37.733849,55.602013,10.0,2.1443778456671168
53695,37.590076,55.740004,13.0,3.4298373768791532
29602,37.594149,55.750357,18.0,9.216489727871533
15348,37.617327,55.7575,15.0,4.286810397687177
94893,37.596782000000005,55.593545,12.0,3.001350866475141
55372,37.837273,55.894334,9.0,2.426649011774811
41389,37.790778,55.89661,9.0,2.1236617696161173
13112,37.621545000000005,55.768155,16.0,4.715296908091189
35744,37.615484,55.739658000000006,16.0,5.7595086755204425
88099,37.633427000000005,55.758449,16.0,6.062495917679136
53543,37.623522,55.747917,16.0,10.046516207688644
25528,37.603005,55.742734000000006,18.0,6.062495917679136
65671,37.676673,55.863,9.0,2.7246515984928044
73215,37.712846,55.858198,8.0,2.426649011774811
12581,37.547833000000004,55.887240000000006,8.0,2.1236617696161173
425,37.63561,55.75771,17.0,6.43549098550547
65206,37.468466,55.89938,10.0,2.1443778456671168
40769,37.601615,55.585472,10.0,2.1236617696161173
96661,37.624468,55.741564000000004,13.0,7.28827131539558
76431,37.628337,55.741277000000004,14.0,3.858323887283165
74649,37.631695,55.734691000000005,13.0,3.4298373768791532
27318,37.464033,55.582221000000004,16.0,7.8804193706313
53786,37.607934,55.767262,17.0,5.143783418495202
47576,37.757054000000004,55.777911,10.0,2.1236617696161173
6638,37.591876,55.764849000000005,13.0,5.153534191203056
29702,37.67816,55.822594,10.0,2.1443778456671168
93942,37.653441,55.732079,11.0,2.572864356071129
3160,37.632994000000004,55.73518,12.0,3.001350866475141
24749,37.628703,55.739079000000004,17.0,7.919826740310537
38064,37.596164,55.738047,13.0,6.062495917679136
15043,37.603406,55.749212,15.0,5.456521433361749
78603,37.591047,55.758328,15.0,6.668470401996524
64273,37.85699,55.91362,9.0,2.972040890960315
76481,37.797416,55.640347000000006,10.0,2.1443778456671168
55323,37.584421,55.754865,9.0,3.94158522256828
47435,37.649651,55.756841,18.0,9.092368339266075
12582,37.619378000000005,55.761069,12.0,3.001350866475141
56691,37.627491,55.763207,13.0,3.4298373768791532
30442,37.540781,55.873963,10.0,2.1443778456671168
62357,37.761445,55.687966,7.0,2.426649011774811
13935,37.624971,55.745578,19.0,7.274444886313912
51836,37.629148,55.740663000000005,12.0,3.001350866475141
98124,37.659604,55.903758,10.0,2.1443778456671168
3917,37.611352000000004,55.76073,16.0,4.715296908091189
87867,37.637929,55.751338000000004,14.0,3.858323887283165
45345,37.455607,55.903363,7.0,2.1236617696161173
95248,37.426456,55.735801,10.0,2.1443778456671168
38964,37.621695,55.732744000000004,14.0,3.858323887283165
25899,37.614239000000005,55.598416,10.0,2.1443778456671168
37056,37.626841,55.741783000000005,17.0,5.143783418495202
84091,37.654054,55.847673,10.0,2.1443778456671168
53597,37.60882,55.748076000000005,17.0,6.062495917679136
67876,37.483576,55.805653,10.0,2.1443778456671168
35799,37.557414,55.714855,34.0,12.428054095363407
45060,37.61001,55.73417,15.0,4.286810397687177
20720,37.351196,55.670331000000004,7.0,2.477262306025293
42747,37.641521000000004,55.751152000000005,15.0,4.286810397687177
87881,37.628445,55.766697,14.0,3.858323887283165
85255,37.588027000000004,55.745237,13.0,6.365483159837831
61285,37.634827,55.738661,14.0,3.858323887283165
40295,37.621611,55.746943,18.0,9.859229198696852
64652,37.685491,55.620595,7.0,2.1236617696161173
81427,37.862288,55.590629,6.0,2.426649011774811
63883,37.535278,55.619871,10.0,2.1443778456671168
85939,37.611578,55.733627000000006,12.0,5.7595086755204425
44669,37.599193,55.74437,12.0,3.001350866475141
62333,37.589868,55.658888000000005,10.0,2.1443778456671168
79803,37.621872,55.769391,10.0,3.6385979804095863
66532,37.639292000000005,55.744594,11.0,3.94158522256828
99386,37.506056,55.818683,7.0,2.229873013557782
68343,37.836528,55.876434,10.0,2.1443778456671168
21691,37.640702000000005,55.760705,8.0,5.445933815635426
26697,37.612726,55.735244,21.0,8.486393854948687
5731,37.63476,55.570370000000004,10.0,2.1443778456671168
85072,37.618844,55.600863000000004,10.0,2.729636253933505
99953,37.679464,55.811387,10.0,2.1443778456671168
14498,37.605205,55.769972,15.0,4.286810397687177
76866,37.640855,55.899936000000004,6.0,2.426649011774811
64635,37.650757,55.753905,16.0,4.715296908091189
50155,37.508681,55.899763,10.0,2.1443778456671168
23472,37.700946,55.813018,4.0,2.1236617696161173
88877,37.807247000000004,55.84817,8.0,2.1236617696161173
53813,37.630461000000004,55.744185,13.0,4.547559706885668
29819,37.636578,55.749562000000005,11.0,2.572864356071129
55491,37.522761,55.713871000000005,8.0,2.1236617696161173
79708,37.562951,55.747378000000005,9.0,2.1236617696161173
75194,37.585651,55.758529,17.0,5.143783418495202
27289,37.621563,55.740061000000004,17.0,5.143783418495202
24219,37.38116,55.723879000000004,10.0,2.1236617696161173
69352,37.598865,55.748183000000004,16.0,4.715296908091189
97404,37.711411,55.653487000000005,10.0,2.1443778456671168
43691,37.693954,55.848015000000004,13.0,2.729636253933505
42382,37.49615,55.645379000000005,10.0,2.1443778456671168
15202,37.722571,55.912306,7.0,2.1236617696161173
78138,37.799047,55.689938000000005,10.0,2.1443778456671168
59599,37.563939000000005,55.632418,10.0,2.1443778456671168
47895,37.377951,55.671175000000005,10.0,2.1443778456671168
7130,37.602858000000005,55.735245,19.0,6.971457644155219
56407,37.701626000000005,55.845552000000005,10.0,2.1443778456671168
26920,37.608231,55.739165,12.0,3.94158522256828
38490,37.495698000000004,55.688812000000006,10.0,2.1443778456671168
99309,37.623677,55.761432,11.0,4.244572464726974
80369,37.814212000000005,55.756718,10.0,2.1236617696161173
30690,37.582190000000004,55.614713,11.0,2.572864356071129
65269,37.461372000000004,55.636860000000006,7.0,2.1236617696161173
20535,37.688699,55.640987,10.0,2.1443778456671168
14286,37.577741,55.642362000000006,10.0,2.1443778456671168
53126,37.629359,55.879454,11.0,2.572864356071129
32556,37.466769,55.576460000000004,19.0,6.682880277972981
53382,37.824896,55.895991,11.0,2.572864356071129
72737,37.608612,55.744362,10.0,2.1443778456671168
35345,37.775255,55.910037,10.0,2.1443778456671168
32785,37.612241000000004,55.750635,10.0,3.6385979804095863
69912,37.586013,55.874984000000005,10.0,2.1443778456671168
95571,37.447791,55.862727,10.0,2.1443778456671168
43287,37.764035,55.780436,10.0,2.1443778456671168
59539,37.838159000000005,55.775962,8.0,2.1236617696161173
45145,37.582807,55.798465,10.0,2.1443778456671168
14421,37.596399,55.746159000000006,14.0,3.858323887283165
35134,37.358739,55.660119,11.0,2.572864356071129
39922,37.361471,55.830973,8.0,2.1236617696161173
32459,37.657394000000004,55.712697000000006,8.0,2.229873013557782
87628,37.473054000000005,55.581322,20.0,6.429242949707238
60842,37.673726,55.828585000000004,8.0,2.1236617696161173
1352,37.492695000000005,55.668035,9.0,2.426649011774811
86885,37.480033,55.897362,10.0,2.1443778456671168
69155,37.588739000000004,55.750752000000006,18.0,5.572269928899214
64226,37.773381,55.644848,10.0,2.1443778456671168
52086,37.620498000000005,55.7421,12.0,3.001350866475141
67095,37.560126000000004,55.845268000000004,9.0,2.426649011774811
59726,37.610736,55.758662,13.0,3.6385979804095863
43936,37.729866,55.846601,8.0,2.7246515984928044
80355,37.35606,55.637469,10.0,2.426649011774811
59421,37.632467,55.757476000000004,15.0,4.286810397687177
68349,37.44574,55.820179,11.0,2.572864356071129
67368,37.725268,55.761626,10.0,2.1443778456671168
68818,37.5614,55.701167000000005,10.0,2.1443778456671168
76019,37.636876,55.750657000000004,12.0,3.001350866475141
85342,37.43661,55.822641000000004,8.0,2.1236617696161173
33704,37.36312,55.700683000000005,10.0,2.1443778456671168
85537,37.625235,55.737686000000004,15.0,4.286810397687177
83526,37.641321000000005,55.749371000000004,17.0,5.143783418495202
12390,37.676320000000004,55.580932000000004,10.0,2.1443778456671168
94735,37.357596,55.648828,11.0,2.572864356071129
26768,37.635668,55.738469,15.0,4.286810397687177
53531,37.613279,55.750335,14.0,4.850546949044362
24338,37.597912,55.755413000000004,11.0,3.94158522256828
1967,37.75254,55.583692,10.0,2.1443778456671168
74796,37.628952,55.739428000000004,11.0,7.919826740310537
59933,37.641905,55.67432,10.0,2.1236617696161173
26713,37.632676000000004,55.736718,12.0,6.188101693037958
42728,37.618766,55.770208000000004,13.0,3.4298373768791532
29112,37.633891,55.868025,11.0,2.572864356071129
78652,37.563818000000005,55.626493,6.0,2.789095019618357
9487,37.436886,55.822464000000004,9.0,2.1236617696161173
46684,37.637681,55.748401,12.0,5.153534191203056
42408,37.745597000000004,55.89743,10.0,2.1443778456671168
57863,37.854803000000004,55.817665000000005,11.0,2.426649011774811
3549,37.613679000000005,55.743594,15.0,5.7595086755204425
51781,37.604508,55.76439,22.0,7.286215970515262
28183,37.640794,55.810144,10.0,3.032623496092199
26135,37.499301,55.613843,10.0,2.1443778456671168
92172,37.621505,55.753205,18.0,7.6724374478430235
34748,37.499002000000004,55.834235,11.0,2.1236617696161173
77144,37.773581,55.604459000000006,8.0,2.1236617696161173
88673,37.734206,55.798044000000004,10.0,2.426649011774811
71539,37.553945,55.585232000000005,10.0,2.426649011774811
21187,37.618496,55.748009,13.0,6.668470401996524
65811,37.617228000000004,55.745267000000005,12.0,3.001350866475141
17270,37.350047,55.636676,10.0,2.1443778456671168
48994,37.620024,55.743366,12.0,3.001350866475141
6466,37.587019,55.755849000000005,10.0,2.1443778456671168
13460,37.600880000000004,55.748161,10.0,3.6385979804095863
20556,37.868638000000004,55.603148000000004,13.0,2.729636253933505
8650,37.590073000000004,55.746312,15.0,4.286810397687177
61418,37.63073,55.764613000000004,16.0,5.456521433361749
69483,37.684585,55.775917,10.0,2.1443778456671168
21883,37.758782000000004,55.896103000000004,7.0,2.426649011774811
29574,37.458915000000005,55.790498,10.0,2.1443778456671168
99894,37.618286000000005,55.829139000000005,10.0,2.1443778456671168
90169,37.857029000000004,55.913295000000005,9.0,2.972040890960315
43356,37.600152,55.743479,16.0,4.715296908091189
56432,37.608072,55.735147000000005,16.0,4.715296908091189
20942,37.66597,55.716351,7.0,2.229873013557782
66544,37.58741,55.903005,10.0,2.1443778456671168
11275,37.611363000000004,55.764177000000004,19.0,6.930269570440492
37545,37.596687,55.741067,15.0,4.286810397687177
33266,37.627896,55.736089,14.0,5.7595086755204425
19994,37.557398,55.804728000000004,10.0,2.1236617696161173
28833,37.607060000000004,55.741663,11.0,3.6385979804095863
59403,37.653027,55.581947,8.0,2.360602039068145
93051,37.683065,55.682461,10.0,2.1443778456671168
7063,37.753036,55.629766000000004,7.0,2.1236617696161173
85764,37.634703,55.754052,14.0,3.858323887283165
80699,37.735067,55.764095000000005,10.0,2.1443778456671168
72777,37.465511,55.580949000000004,17.0,5.143783418495202
77312,37.624683000000005,55.7565,11.0,7.4250481553755145
31156,37.39659,55.916137,10.0,2.1443778456671168
98146,37.608366000000004,55.764963,11.0,5.456521433361749
9973,37.463527,55.789244000000004,12.0,3.001350866475141
74128,37.622729,55.766463,15.0,4.850546949044362
7529,37.615218,55.741096,13.0,3.4298373768791532
67859,37.85025,55.853588,12.0,3.001350866475141
98535,37.477778,55.580027,7.0,3.94158522256828
74781,37.76292,55.837773000000006,10.0,2.1443778456671168
19923,37.375713000000005,55.846517000000006,10.0,2.1443778456671168
35039,37.549741000000004,55.716517,41.0,21.81783250993122
1954,37.397154,55.904181,10.0,2.1443778456671168
87508,37.646922,55.759065,13.0,6.682880277972981
32101,37.626165,55.757181,19.0,6.000756439303226
38962,37.597059,55.751521000000004,17.0,5.143783418495202
84099,37.482512,55.639134000000006,8.0,2.426649011774811
16320,37.599068,55.758936000000006,12.0,3.001350866475141
84910,37.474239000000004,55.582061,16.0,4.715296908091189
84109,37.435288,55.656317,10.0,2.1443778456671168
75464,37.642683,55.765021000000004,14.0,4.244572464726974
33518,37.37392,55.737551,9.0,2.477262306025293
29311,37.483995,55.836155000000005,11.0,2.572864356071129
49731,37.627902,55.769622000000005,17.0,6.682880277972981
36303,37.505513,55.807320000000004,9.0,2.1236617696161173
79433,37.560539,55.872985,11.0,2.572864356071129
89662,37.638242,55.760913,15.0,5.7595086755204425
29760,37.610661,55.762825,12.0,5.456521433361749
74319,37.432859,55.605696,8.0,2.729636253933505
18294,37.599308,55.754407,18.0,5.572269928899214
83828,37.600201,55.762003,18.0,5.572269928899214
37383,37.825256,55.824009000000004,10.0,2.1443778456671168
25116,37.637829,55.763443,16.0,4.715296908091189
93833,37.626237,55.762263000000004,16.0,4.715296908091189
44339,37.584554000000004,55.751446,21.0,6.85772946011125
30920,37.417708000000005,55.646188,9.0,2.1236617696161173
57138,37.600383,55.74681,13.0,3.4298373768791532
43779,37.595944,55.739533,13.0,5.456521433361749
13998,37.787690000000005,55.812778,10.0,2.1443778456671168
3815,37.848394,55.730708,7.0,2.477262306025293
90979,37.845382,55.595611000000005,10.0,2.1443778456671168
95400,37.649226,55.756732,22.0,9.092368339266075
8154,37.633116,55.758543,14.0,6.062495917679136
81420,37.351991,55.661711000000004,11.0,2.572864356071129
6196,37.592428,55.91781,11.0,2.572864356071129
99115,37.727035,55.919253000000005,10.0,2.1443778456671168
65469,37.637671000000005,55.743716,12.0,3.001350866475141
46434,37.552689,55.630918,10.0,2.1443778456671168
92573,37.598344000000004,55.737111,10.0,2.1443778456671168
95401,37.631322000000004,55.743799,12.0,6.062495917679136
87393,37.435764,55.768534,10.0,2.1443778456671168
37564,37.595955000000004,55.739118000000005,15.0,5.456521433361749
7106,37.665311,55.629213,10.0,3.714208768362848
64013,37.860299000000005,55.571482,10.0,2.1443778456671168
36472,37.619308000000004,55.770906000000004,14.0,3.858323887283165
67391,37.602177000000005,55.752603,13.0,3.4298373768791532
62002,37.726093,55.620355,10.0,2.1443778456671168
22713,37.622744000000004,55.761136,12.0,3.001350866475141
21497,37.605553,55.75605,10.0,2.1443778456671168
37372,37.47629,55.579369,28.0,9.857135032939334
35299,37.456967,55.912532,11.0,2.572864356071129
17321,37.622696000000005,55.738886,16.0,4.715296908091189
26172,37.584326000000004,55.752381,14.0,3.858323887283165
70015,37.651633000000004,55.757038,6.0,2.7246515984928044
32208,37.583355000000005,55.685763,10.0,2.1443778456671168
94477,37.709254,55.727307,11.0,2.572864356071129
97163,37.597785,55.786115,10.0,2.1443778456671168
18181,37.612065,55.740202000000004,13.0,3.4298373768791532
67927,37.783190000000005,55.610406000000005,10.0,2.1443778456671168
72513,37.562841,55.671365,8.0,2.426649011774811
72409,37.570625,55.711885,10.0,2.1443778456671168
9959,37.617526,55.750395000000005,17.0,5.143783418495202
42567,37.816587,55.797124000000004,10.0,2.1443778456671168
64209,37.611047,55.767818000000005,11.0,2.572864356071129
495,37.638588,55.76619,12.0,7.177658862908002
74020,37.820233,55.828569,9.0,2.1236617696161173
67331,37.589600000000004,55.752681,20.0,7.8804193706313
1608,37.556321000000004,55.617318000000004,10.0,2.1443778456671168
71571,37.630515,55.751414000000004,15.0,7.4250481553755145
70978,37.38968,55.874721,6.0,2.1236617696161173
23384,37.645354000000005,55.635644,11.0,2.572864356071129
8865,37.676502,55.670702000000006,10.0,2.1443778456671168
10997,37.628187000000004,55.753295,20.0,6.429242949707238
32617,37.685376,55.760496,10.0,2.1443778456671168
40638,37.618811,55.762333000000005,16.0,4.715296908091189
86059,37.786988,55.750376,10.0,2.1443778456671168
54956,37.589522,55.747016,12.0,3.001350866475141
12148,37.550828,55.715765000000005,43.0,21.81783250993122
85220,37.800272,55.680710000000005,10.0,2.1443778456671168
65739,37.399155,55.907066,11.0,2.572864356071129
71207,37.582438,55.903164000000004,10.0,2.1443778456671168
4217,37.629794000000004,55.751485,18.0,7.4250481553755145
84876,37.468472,55.583439000000006,15.0,4.286810397687177
46574,37.638423,55.762476,18.0,5.572269928899214
59196,37.606516,55.740504,18.0,5.572269928899214
39802,37.629793,55.762501,10.0,2.1443778456671168
82053,37.637840000000004,55.759481,13.0,6.062495917679136
73768,37.838045,55.776351000000005,9.0,2.1236617696161173
9659,37.594056,55.750483,16.0,9.216489727871533
53936,37.487708000000005,55.81042,10.0,2.1443778456671168
29138,37.641158000000004,55.744902,12.0,3.001350866475141
72103,37.64477,55.75446,14.0,10.393719664985646
6734,37.607559,55.738497,13.0,3.4298373768791532
22200,37.631988,55.745756,23.0,7.714702480919274
9708,37.619823000000004,55.88024,7.0,2.426649011774811
55260,37.49684,55.903481,10.0,2.1443778456671168
32082,37.586694,55.743639,15.0,4.286810397687177
26757,37.624263,55.744654000000004,21.0,6.85772946011125
9747,37.667497000000004,55.597651,4.0,2.229873013557782
70716,37.748305,55.854289,10.0,2.1443778456671168
75477,37.401828,55.830110000000005,9.0,2.1236617696161173
19056,37.590399,55.750494,12.0,3.001350866475141
56699,37.641589,55.757532000000005,18.0,5.572269928899214
8895,37.489699,55.645814,10.0,2.1443778456671168
20600,37.772596,55.695479,11.0,2.1236617696161173
41790,37.76124,55.673425,7.0,2.1463555487930384
77088,37.65263,55.742577000000004,9.0,2.729636253933505
16359,37.588362000000004,55.756756,18.0,5.572269928899214
33204,37.658736000000005,55.659074000000004,10.0,2.1443778456671168
22874,37.602552,55.734701,16.0,5.7595086755204425
2189,37.815799,55.659578,8.0,2.426649011774811
83378,37.729862000000004,55.846810000000005,8.0,2.7246515984928044
3423,37.613555,55.745760000000004,14.0,8.414605325245558
64649,37.627124,55.737822,16.0,5.7595086755204425
79454,37.636707,55.765828,13.0,3.4298373768791532
78074,37.837894,55.754802000000005,8.0,2.1236617696161173
8374,37.755407,55.865187,11.0,2.426649011774811
93551,37.557788,55.715532,33.0,17.87899836186819
45790,37.41287,55.8421,10.0,2.1443778456671168
81916,37.633458000000005,55.759847,21.0,6.85772946011125
52511,37.435074,55.794900000000005,10.0,2.1443778456671168
58508,37.606915,55.765189,11.0,4.850546949044362
87878,37.82421,55.890171,10.0,2.1443778456671168
51688,37.613866,55.766420000000004,15.0,4.547559706885668
8654,37.638661,55.612843000000005,11.0,2.572864356071129
32176,37.626276000000004,55.739443,13.0,3.4298373768791532
41762,37.620728,55.761188000000004,16.0,5.7595086755204425
30377,37.618731000000004,55.753969000000005,11.0,3.94158522256828
15322,37.616435,55.759786000000005,20.0,10.393719664985646
52623,37.641914,55.746176000000006,12.0,3.001350866475141
59229,37.610295,55.755789,14.0,3.858323887283165
12947,37.717009000000004,55.711014000000006,10.0,2.1443778456671168
40782,37.625449,55.747406000000005,19.0,6.000756439303226
24857,37.608761,55.848243000000004,10.0,2.1443778456671168
6268,37.477018,55.580118,16.0,6.43549098550547
82849,37.611295,55.762975000000004,16.0,5.456521433361749
46694,37.396077,55.748892000000005,10.0,2.1443778456671168
85079,37.583503,55.797053000000005,10.0,2.1443778456671168
61001,37.602404,55.747538000000006,12.0,3.001350866475141
53898,37.640041000000004,55.683113,9.0,2.426649011774811
48362,37.370142,55.760220000000004,5.0,2.1236617696161173
82514,37.610158,55.767292000000005,10.0,4.244572464726974
26983,37.757718000000004,55.668964,10.0,2.1443778456671168
31718,37.617537,55.755313,16.0,4.715296908091189
93598,37.677814,55.905533000000005,10.0,2.1443778456671168
96369,37.629063,55.742133,16.0,5.456521433361749
68139,37.595339,55.745789,15.0,8.167216032778047
52317,37.638757,55.736699,19.0,3.6385979804095863
7010,37.350235000000005,55.645973000000005,10.0,2.1443778456671168
39137,37.590827000000004,55.613179,10.0,2.1443778456671168
46124,37.628338,55.769265000000004,12.0,5.7595086755204425
30976,37.612903,55.737933000000005,13.0,7.577432128472607
4836,37.825004,55.901198,10.0,2.1443778456671168
19425,37.588689,55.759266000000004,17.0,5.143783418495202
66662,37.71499,55.576219,11.0,2.572864356071129
22360,37.476205,55.681351,10.0,2.1443778456671168
7273,37.812709,55.724951000000004,10.0,2.1443778456671168
92400,37.367996,55.605685,10.0,2.1236617696161173
45028,37.668957,55.650898000000005,10.0,2.1443778456671168
17635,37.407404,55.675888,11.0,2.572864356071129
27117,37.545233,55.847748,10.0,2.1443778456671168
59907,37.837720000000004,55.894484000000006,9.0,2.426649011774811
3349,37.673895,55.632115,11.0,2.572864356071129
35105,37.354747,55.908478,10.0,2.1443778456671168
36460,37.785361,55.629598,10.0,2.1443778456671168
56061,37.594043,55.738001000000004,18.0,6.365483159837831
23682,37.637611,55.759043000000005,15.0,6.668470401996524
46797,37.549876000000005,55.572681,10.0,2.729636253933505
54266,37.613583,55.760926000000005,17.0,7.577432128472607
37708,37.621331,55.746632000000005,13.0,6.365483159837831
57970,37.633568000000004,55.670677000000005,10.0,2.1443778456671168
97848,37.838959,55.85945,10.0,2.1443778456671168
76735,37.601517,55.744864,11.0,2.572864356071129
9560,37.868195,55.843464000000004,10.0,2.1443778456671168
29682,37.639674,55.744355,12.0,3.94158522256828
4471,37.683967,55.783337,10.0,2.1443778456671168
94385,37.641569000000004,55.755509,11.0,3.6385979804095863
14232,37.606985,55.742205000000006,12.0,3.001350866475141
47725,37.60761,55.739712000000004,15.0,4.286810397687177
72943,37.474158,55.577291,18.0,5.572269928899214
24999,37.644804,55.754161,19.0,10.393719664985646
21093,37.609953000000004,55.771378000000006,12.0,5.456521433361749
90395,37.663736,55.874807000000004,10.0,2.1443778456671168
3686,37.616232000000004,55.745672,12.0,8.167216032778047
41747,37.624298,55.670832000000004,12.0,3.001350866475141
98505,37.586094,55.754875000000006,21.0,6.971457644155219
14171,37.612967000000005,55.755927,12.0,3.001350866475141
7267,37.606878,55.733966,10.0,2.1443778456671168
32832,37.484124,55.693580000000004,10.0,2.1443778456671168
9726,37.696204,55.801722000000005,10.0,2.1443778456671168
30339,37.518602,55.828967000000006,10.0,2.729636253933505
26536,37.643966,55.751413,17.0,6.930269570440492
42923,37.616311,55.748085,12.0,3.001350866475141
95359,37.646229,55.754031000000005,13.0,3.94158522256828
6421,37.619013,55.767154000000005,11.0,2.572864356071129
84538,37.594018,55.73828,13.0,6.365483159837831
50208,37.63046,55.743919000000005,12.0,4.547559706885668
87163,37.727964,55.700897000000005,11.0,2.572864356071129
95578,37.795447,55.613592000000004,10.0,2.1443778456671168
49043,37.613853,55.749952,11.0,5.693323108102937
66439,37.550286,55.860011,10.0,2.1443778456671168
84585,37.554590000000005,55.717150000000004,39.0,14.570486647383468
967,37.585763,55.754426,12.0,3.001350866475141
98729,37.629597000000004,55.741047,11.0,2.572864356071129
59345,37.725394,55.651318,10.0,2.1443778456671168
78100,37.638752000000004,55.75811,15.0,5.456521433361749
23192,37.635064,55.758250000000004,13.0,3.4298373768791532
18603,37.638769,55.746302,16.0,4.715296908091189
23749,37.737537,55.87756,7.0,2.426649011774811
10450,37.574804,55.671126,10.0,2.1443778456671168
51987,37.648557000000004,55.743213000000004,19.0,3.6385979804095863
62361,37.452683,55.916294,11.0,3.3356107382508924
81123,37.590504,55.767505,10.0,2.1443778456671168
65595,37.355504,55.637766,8.0,2.426649011774811
72831,37.814637000000005,55.6614,11.0,2.572864356071129
47527,37.619578000000004,55.754438,11.0,2.572864356071129
73310,37.611804,55.764056000000004,12.0,6.930269570440492
69230,37.720932000000005,55.687541,11.0,2.572864356071129
84421,37.420758,55.674155,8.0,2.229873013557782
64104,37.482513000000004,55.88535,8.0,2.1236617696161173
7033,37.701723,55.881416,10.0,2.1443778456671168
65305,37.484093,55.603449000000005,8.0,2.1236617696161173
9262,37.618578,55.737181,10.0,3.94158522256828
51670,37.586725,55.744153000000004,20.0,6.429242949707238
37488,37.367965,55.761258000000005,6.0,2.229873013557782
40432,37.640727,55.740829000000005,18.0,5.7595086755204425
35823,37.721669,55.691770000000005,11.0,2.572864356071129
47396,37.508386,55.742208000000005,7.0,2.1236617696161173
352,37.382067,55.852333,10.0,2.1443778456671168
46992,37.614307000000004,55.735879000000004,15.0,4.850546949044362
83923,37.618819,55.764638000000005,23.0,7.714702480919274
87302,37.617268,55.761994,15.0,4.286810397687177
67711,37.641651,55.74269,13.0,4.850546949044362
86505,37.399028,55.594865000000006,11.0,2.572864356071129
56051,37.854044,55.763984,11.0,3.032623496092199
27006,37.422956,55.813137000000005,7.0,2.477262306025293
30515,37.867765,55.868124,11.0,2.572864356071129
93055,37.643942,55.755817,14.0,4.547559706885668
72419,37.770269,55.904385000000005,10.0,2.1443778456671168
49534,37.666936,55.597563,11.0,2.229873013557782
17627,37.361081,55.830666,9.0,2.1236617696161173
48591,37.63462,55.742854,15.0,5.153534191203056
33177,37.423115,55.873836000000004,11.0,2.572864356071129
50735,37.78795,55.803949,10.0,2.1443778456671168
53482,37.559087,55.716334,40.0,14.998973157787479
52316,37.644298,55.746623,19.0,6.000756439303226
94070,37.59219,55.738494,11.0,2.572864356071129
55169,37.563196000000005,55.747422,8.0,2.1236617696161173
53747,37.623311,55.764453,11.0,3.6385979804095863
32883,37.629285,55.747192000000005,14.0,3.858323887283165
71444,37.515624,55.78587,10.0,2.1443778456671168
21934,37.651602000000004,55.751914,18.0,5.572269928899214
65868,37.551419,55.718818,5.0,10.304317307900849
85957,37.388152,55.614225000000005,10.0,2.1443778456671168
19062,37.601824,55.746066,11.0,2.572864356071129
84904,37.602132000000005,55.755402000000004,16.0,9.898941080050625
16467,37.587034,55.758777,10.0,2.1443778456671168
58782,37.365298,55.743092000000004,11.0,2.572864356071129
84320,37.631899000000004,55.747622,17.0,6.365483159837831
2754,37.602579,55.759078,11.0,2.572864356071129
98221,37.643165,55.753772000000005,16.0,4.715296908091189
33297,37.596567,55.740517000000004,16.0,4.715296908091189
13281,37.676392,55.789303000000004,12.0,2.729636253933505
63835,37.648317,55.744771,10.0,3.6385979804095863
79035,37.712124,55.616585,10.0,2.1443778456671168
50241,37.638368,55.739685,18.0,5.572269928899214
65842,37.447593000000005,55.738640000000004,10.0,2.1443778456671168
51497,37.586367,55.757568,13.0,3.4298373768791532
49347,37.660274,55.697982,10.0,2.1443778456671168
85609,37.588536000000005,55.914003,10.0,2.1443778456671168
59556,37.693293000000004,55.825244000000005,8.0,3.032623496092199
38195,37.6122,55.745940000000004,16.0,6.365483159837831
35324,37.583426,55.569751000000004,10.0,2.1443778456671168
36339,37.468385000000005,55.581989,12.0,3.001350866475141
20713,37.608589,55.735841,18.0,5.572269928899214
77212,37.351667,55.67064,8.0,2.477262306025293
26333,37.595371,55.736992,12.0,3.001350866475141
95070,37.621371,55.762983000000006,19.0,6.000756439303226
44420,37.614079000000004,55.75629,16.0,7.177658862908002
35239,37.798779,55.619333000000005,11.0,2.572864356071129
67402,37.617132,55.739944,12.0,3.001350866475141
48093,37.640175,55.737305,16.0,3.94158522256828
5221,37.60082,55.763996,14.0,3.858323887283165
59651,37.642931000000004,55.747942,15.0,4.286810397687177
24536,37.492904,55.915048,10.0,2.1443778456671168
50301,37.848003,55.563925000000005,11.0,2.1236617696161173
49757,37.389288,55.773382000000005,10.0,2.1443778456671168
30505,37.853921,55.763987,9.0,3.032623496092199
46460,37.627500000000005,55.747114,12.0,3.001350866475141
89525,37.624363,55.746679,12.0,3.001350866475141
40793,37.622719000000004,55.733719,15.0,4.286810397687177
5031,37.408624,55.780005,11.0,2.572864356071129
96992,37.356994,55.830145,10.0,2.1443778456671168
50331,37.434127000000004,55.679137000000004,10.0,2.1443778456671168
10365,37.631598000000004,55.761340000000004,13.0,3.4298373768791532
26947,37.620598,55.752668,10.0,4.547559706885668
86429,37.600147,55.764541,18.0,7.6724374478430235
23790,37.588853,55.761472000000005,14.0,3.858323887283165
75884,37.469689,55.773045,10.0,2.1443778456671168
91059,37.595501,55.749527,13.0,3.4298373768791532
22743,37.77496,55.65581,10.0,2.1443778456671168
65218,37.487312,55.757585,10.0,2.1443778456671168
37751,37.626972,55.766556,16.0,5.7595086755204425
38987,37.793878,55.72796,11.0,2.572864356071129
46952,37.702215,55.783324,10.0,2.1443778456671168
39237,37.633586,55.736392,14.0,7.919826740310537
79264,37.731844,55.835071,10.0,2.1443778456671168
66940,37.598495,55.766659000000004,23.0,11.69370980862361
66845,37.839709,55.826622,11.0,2.1236617696161173
35935,37.409043000000004,55.766021,11.0,2.572864356071129
33229,37.623638,55.76971,15.0,4.286810397687177
90124,37.621403,55.631361000000005,8.0,2.1236617696161173
42336,37.422914,55.644545,8.0,2.1236617696161173
83141,37.603289000000004,55.739244,16.0,8.573750257046216
16683,37.593428,55.743657,12.0,3.001350866475141
51617,37.459102,55.808961000000004,10.0,2.1443778456671168
95493,37.506651,55.818465,7.0,2.229873013557782
6559,37.619508,55.733515000000004,16.0,4.547559706885668
75291,37.621066,55.736838,11.0,2.572864356071129
88779,37.609718,55.751255,16.0,4.715296908091189
14405,37.619681,55.744705,13.0,4.244572464726974
8790,37.633115000000004,55.751761,9.0,3.3356107382508924
58370,37.418518,55.82528,12.0,3.001350866475141
39822,37.602876,55.735113000000005,14.0,6.971457644155219
28926,37.617722,55.75584,12.0,3.001350866475141
83376,37.458947,55.653492,10.0,2.1443778456671168
53195,37.694596000000004,55.724785000000004,10.0,2.1443778456671168
9263,37.385848,55.806574000000005,7.0,2.1236617696161173
60960,37.387359000000004,55.721674,10.0,2.1443778456671168
65126,37.3847,55.670163,8.0,2.426649011774811
26638,37.833289,55.899612000000005,11.0,2.572864356071129
94335,37.604883,55.762055000000004,16.0,4.715296908091189
73539,37.410423,55.850974,11.0,2.572864356071129
80584,37.408714,55.837246,12.0,3.001350866475141
25018,37.586199,55.748313,20.0,6.429242949707238
45269,37.672318000000004,55.693093000000005,9.0,2.426649011774811
43502,37.596229,55.744562,17.0,6.365483159837831
40124,37.538268,55.836178000000004,6.0,2.426649011774811
96735,37.541039000000005,55.578603,10.0,2.1236617696161173
99329,37.373621,55.706700000000005,10.0,2.1443778456671168
53667,37.37429,55.722983,10.0,2.1443778456671168
89416,37.631799,55.681451,11.0,2.1236617696161173
61318,37.632679,55.750028,12.0,3.94158522256828
96065,37.657933,55.633518,10.0,2.1443778456671168
81689,37.554399000000004,55.731811,10.0,2.729636253933505
22500,37.591888000000004,55.739968000000005,12.0,3.001350866475141
37979,37.650952000000004,55.752937,10.0,2.1443778456671168
90486,37.730827000000005,55.774436,10.0,2.1443778456671168
3174,37.636793000000004,55.74689,14.0,3.858323887283165
83497,37.808178,55.659708,10.0,2.1443778456671168
18971,37.532683,55.576749,11.0,2.572864356071129
32952,37.602758,55.736642,13.0,3.4298373768791532
1028,37.858295,55.740367,11.0,2.572864356071129
4861,37.631547000000005,55.760443,16.0,4.715296908091189
62216,37.834321,55.755278000000004,10.0,2.1443778456671168
14068,37.677964,55.896285,10.0,2.1443778456671168
97566,37.623087,55.760674,13.0,3.4298373768791532
38489,37.626854,55.742673,10.0,4.244572464726974
28219,37.668528,55.645288,5.0,2.229873013557782
40465,37.711817,55.852288,11.0,2.572864356071129
63953,37.62304,55.741604,18.0,5.572269928899214
37539,37.485372,55.794582000000005,10.0,2.1443778456671168
46604,37.601997000000004,55.762679000000006,9.0,2.1236617696161173
81535,37.633914000000004,55.750608,21.0,6.85772946011125
89359,37.642032,55.760141000000004,11.0,2.572864356071129
28982,37.640604,55.655181,9.0,2.1236617696161173
54250,37.475276,55.581039000000004,14.0,3.858323887283165
10458,37.386167,55.80673,10.0,2.1236617696161173
19828,37.618568,55.765805,11.0,2.572864356071129
51258,37.700978,55.893056,9.0,2.426649011774811
88030,37.484478,55.603387000000005,9.0,2.1236617696161173
18664,37.599087000000004,55.762282,15.0,5.7595086755204425
57994,37.655157,55.866049000000004,10.0,2.1443778456671168
41240,37.747927000000004,55.837180000000004,11.0,2.572864356071129
88409,37.640177,55.74517,14.0,6.668470401996524
17427,37.651875000000004,55.902454,10.0,2.1443778456671168
23858,37.639822,55.753642,12.0,3.001350866475141
8043,37.63331,55.737284,18.0,7.919826740310537
76276,37.587435,55.742981,16.0,5.7595086755204425
27440,37.421887,55.627183,10.0,2.1443778456671168
81242,37.637477000000004,55.757565,12.0,5.7595086755204425
96894,37.429783,55.857586000000005,10.0,2.1443778456671168
35855,37.810355,55.859621000000004,8.0,2.1236617696161173
73780,37.623857,55.741288000000004,17.0,6.682880277972981
29517,37.596754000000004,55.763218,14.0,4.547559706885668
8092,37.612425,55.738842000000005,16.0,4.715296908091189
57926,37.613187,55.574388,10.0,2.1443778456671168
19929,37.463398,55.702476000000004,8.0,2.1236617696161173
33517,37.540424,55.578711000000006,7.0,2.1236617696161173
13525,37.626304000000005,55.755185000000004,16.0,4.715296908091189
2425,37.599627,55.735393,17.0,6.668470401996524
60182,37.431741,55.810996,11.0,2.572864356071129
72988,37.862455000000004,55.590989,12.0,2.426649011774811
78423,37.751765,55.836723,10.0,2.1443778456671168
24604,37.618883000000004,55.747643000000004,19.0,6.668470401996524
77342,37.624768,55.770232,11.0,2.572864356071129
13158,37.616437000000005,55.769126,20.0,6.429242949707238
12790,37.613170000000004,55.766578,10.0,4.547559706885668
18362,37.623262000000004,55.747749,11.0,7.716764295945792
90582,37.592709,55.766079000000005,16.0,4.715296908091189
13652,37.683550000000004,55.574238,10.0,2.1443778456671168
60296,37.427507,55.879712000000005,10.0,2.1443778456671168
1978,37.673509,55.699028000000006,10.0,2.1443778456671168
5750,37.597367,55.759071000000006,11.0,2.572864356071129
72629,37.648556,55.749134000000005,9.0,4.2089873532978705
38466,37.808917,55.632451,8.0,2.1236617696161173
91480,37.644301,55.751552000000004,15.0,6.930269570440492
61843,37.711661,55.59986,8.0,2.426649011774811
19662,37.609886,55.757202,14.0,3.858323887283165
71890,37.403003,55.583261,10.0,2.1443778456671168
27795,37.617697,55.892409,10.0,2.1443778456671168
36604,37.589975,55.74161,12.0,3.001350866475141
53831,37.550554,55.715377000000004,39.0,21.81783250993122
10187,37.617068,55.746831,15.0,4.286810397687177
6090,37.607014,55.659695,8.0,2.1236617696161173
15333,37.525074000000004,55.855793000000006,11.0,2.572864356071129
5609,37.467888,55.578283,19.0,6.000756439303226
92465,37.499401,55.834154000000005,6.0,2.1236617696161173
66423,37.61932,55.736504000000004,17.0,6.062495917679136
43624,37.606547,55.743897000000004,11.0,2.572864356071129
95082,37.640898,55.763813,14.0,3.858323887283165
60807,37.512653,55.805295,11.0,2.572864356071129
59680,37.748225,55.719315,10.0,2.1443778456671168
40853,37.602107000000004,55.757824,15.0,4.547559706885668
40820,37.816082,55.597597,10.0,2.1443778456671168
8484,37.483642,55.819769,10.0,2.1443778456671168
86524,37.517631,55.720646,11.0,2.572864356071129
17294,37.616452,55.751411000000004,13.0,3.4298373768791532
98993,37.620939,55.759543,15.0,4.286810397687177
68526,37.641189000000004,55.752489000000004,24.0,7.8804193706313
50906,37.630696,55.769024,15.0,4.286810397687177
66578,37.513247,55.675339,10.0,2.1443778456671168
15637,37.827889,55.853083000000005,11.0,2.572864356071129
95992,37.610653,55.768287,21.0,6.85772946011125
42030,37.644131,55.756144,11.0,4.547559706885668
62680,37.606505,55.748777000000004,10.0,2.1443778456671168
60764,37.588541,55.741262,13.0,3.4298373768791532
91998,37.737392,55.839535000000005,8.0,2.477262306025293
62393,37.713528000000004,55.813096,10.0,2.1443778456671168
59244,37.807243,55.792241000000004,10.0,2.1443778456671168
2398,37.641212,55.900332,12.0,2.426649011774811
57335,37.628227,55.73449,9.0,4.9511552307004045
98529,37.591647,55.836583000000005,10.0,2.729636253933505
7196,37.590653,55.752616,12.0,5.456521433361749
72661,37.696772,55.738073,10.0,2.1443778456671168
925,37.613897,55.755923,16.0,6.668470401996524
7754,37.636672000000004,55.753576,11.0,2.572864356071129
58020,37.462042000000004,55.588744000000005,10.0,2.1443778456671168
54277,37.634727,55.745565,19.0,8.789381097107382
75441,37.697323000000004,55.880311,10.0,2.1443778456671168
67923,37.369382,55.789503,8.0,2.229873013557782
74767,37.643597,55.762999,17.0,5.456521433361749
453,37.642035,55.753056,17.0,6.971457644155219
34716,37.387381000000005,55.756049000000004,10.0,2.1443778456671168
62362,37.600304,55.760387,17.0,4.244572464726974
86705,37.596261,55.766613,17.0,5.143783418495202
36276,37.60125,55.738933,19.0,6.000756439303226
97613,37.628521,55.752663000000005,18.0,6.365483159837831
12542,37.413074,55.615625,10.0,2.1443778456671168
38111,37.609305,55.737198,13.0,3.4298373768791532
16215,37.588743,55.743257,8.0,4.547559706885668
96437,37.613015000000004,55.750635,12.0,5.198544523167914
63122,37.629134,55.750435,15.0,5.456521433361749
41509,37.66641,55.828999,10.0,2.1443778456671168
76929,37.420734,55.673813,10.0,2.229873013557782
75138,37.604706,55.735836,12.0,4.547559706885668
31325,37.603763,55.763161000000004,12.0,6.365483159837831
69906,37.420374,55.572075000000005,11.0,2.572864356071129
47758,37.629377,55.750532,13.0,5.456521433361749
34556,37.738148,55.583228000000005,10.0,2.1236617696161173
76320,37.630121,55.756800000000005,13.0,3.4298373768791532
90824,37.55475,55.731643000000005,9.0,2.729636253933505
7577,37.540063,55.834123000000005,11.0,2.572864356071129
50128,37.625955000000005,55.874676,10.0,2.1443778456671168
70536,37.61387,55.744239,13.0,3.4298373768791532
66213,37.390808,55.631417,10.0,2.1443778456671168
33670,37.581067000000004,55.751051000000004,9.0,2.1236617696161173
85566,37.614754000000005,55.75634,12.0,5.456521433361749
17407,37.58869,55.747618,22.0,7.286215970515262
45573,37.622550000000004,55.768472,16.0,4.715296908091189
45505,37.600168000000004,55.748347,12.0,3.6385979804095863
93701,37.584465,55.754112,19.0,6.000756439303226
26077,37.592933,55.746529,13.0,3.4298373768791532
9488,37.650587,55.749430000000004,18.0,5.572269928899214
92789,37.566131,55.695863,10.0,2.1443778456671168
84550,37.615792,55.742997,16.0,4.715296908091189
81385,37.595335,55.74729,11.0,2.572864356071129
42895,37.603067,55.755596000000004,10.0,8.414605325245558
2032,37.838963,55.668934,10.0,2.1443778456671168
71253,37.406172,55.90057,10.0,2.1443778456671168
95434,37.561483,55.660090000000004,10.0,2.1443778456671168
17209,37.622396,55.746877000000005,18.0,9.216489727871533
94127,37.554721,55.686694,10.0,2.1236617696161173
83970,37.644976,55.592137,10.0,2.1443778456671168
8926,37.754722,55.865116,7.0,2.426649011774811
28834,37.589375000000004,55.755662,16.0,7.274444886313912
38336,37.602703,55.742148,22.0,8.486393854948687
30942,37.637313,55.76102,18.0,5.572269928899214
62959,37.640928,55.741344000000005,14.0,3.858323887283165
90191,37.599775,55.741959,13.0,3.4298373768791532
58062,37.599477,55.761062,12.0,6.062495917679136
91050,37.460209,55.883319,9.0,2.1236617696161173
31231,37.595306,55.764982,17.0,5.7595086755204425
46195,37.585475,55.666977,10.0,2.1443778456671168
47993,37.499103,55.857896000000004,11.0,2.1236617696161173
41126,37.621107,55.735108000000004,19.0,6.000756439303226
34242,37.369717,55.760331,12.0,2.1236617696161173
31386,37.865461,55.767079,11.0,2.572864356071129
75761,37.645362,55.743312,17.0,5.143783418495202
72808,37.695523,55.895903000000004,10.0,2.1443778456671168
82621,37.623787,55.758238000000006,18.0,5.572269928899214
11012,37.779329000000004,55.595787,11.0,2.426649011774811
72925,37.603844,55.754896,15.0,4.286810397687177
82910,37.849515000000004,55.64578,7.0,2.1236617696161173
18962,37.594669,55.73957,15.0,4.286810397687177
74247,37.453843,55.868086000000005,9.0,2.426649011774811
58435,37.637739,55.676407000000005,9.0,2.729636253933505
7528,37.589772,55.744730000000004,18.0,5.572269928899214
676,37.466222,55.772672,8.0,2.1236617696161173
7694,37.772831000000004,55.710356000000004,10.0,2.1443778456671168
91327,37.531076,55.698345,10.0,2.1443778456671168
71120,37.438384,55.709744,10.0,2.1443778456671168
60787,37.608286,55.765396,17.0,5.456521433361749
27709,37.616034,55.7438,16.0,4.715296908091189
87208,37.537618,55.613487,9.0,2.1236617696161173
65373,37.848123,55.874446,10.0,2.1443778456671168
29793,37.660318000000004,55.827387,10.0,2.1443778456671168
66837,37.591666000000004,55.752664,11.0,2.572864356071129
47012,37.527319,55.839497,8.0,2.426649011774811
7490,37.463652,55.609283000000005,10.0,2.1443778456671168
46050,37.465244,55.580128,18.0,5.572269928899214
54835,37.614691,55.833084,10.0,2.1443778456671168
35575,37.737785,55.583276000000005,7.0,2.1236617696161173
78271,37.637848,55.747516000000005,18.0,5.572269928899214
5088,37.42286,55.812940000000005,9.0,2.477262306025293
11787,37.619381000000004,55.68667,10.0,2.1443778456671168
53718,37.371704,55.767057,7.0,2.1236617696161173
34038,37.605673,55.756554,17.0,5.143783418495202
97792,37.380347,55.817508000000004,10.0,2.1443778456671168
27414,37.63861,55.753308000000004,12.0,3.001350866475141
87533,37.644078,55.843004,10.0,2.1443778456671168
73691,37.642282,55.749865,14.0,3.858323887283165
18015,37.627374,55.747754,14.0,3.858323887283165
58799,37.532553,55.605204,9.0,2.426649011774811
26318,37.845616,55.712777,9.0,2.1236617696161173
98108,37.791826,55.743475000000004,6.0,2.1236617696161173
95597,37.605222000000005,55.740051,15.0,4.286810397687177
95887,37.597001,55.671228,10.0,2.1443778456671168
7266,37.59583,55.766166000000005,13.0,3.4298373768791532
37206,37.600722000000005,55.741219,19.0,6.365483159837831
65090,37.513062,55.814530000000005,11.0,2.572864356071129
72684,37.591629000000005,55.746803,11.0,4.850546949044362
71234,37.383625,55.894466,11.0,2.572864356071129
12293,37.635639000000005,55.741027,14.0,3.858323887283165
74829,37.603614,55.737429,17.0,5.143783418495202
94618,37.599474,55.762308000000004,14.0,5.7595086755204425
64768,37.844716,55.638801,10.0,2.1443778456671168
41572,37.363306,55.697349,10.0,2.1443778456671168
26835,37.696574,55.838919000000004,10.0,2.1443778456671168
93584,37.854264,55.902187000000005,10.0,2.1443778456671168
59298,37.606319,55.76521,15.0,5.198544523167914
61014,37.818163,55.795309,11.0,2.572864356071129
41831,37.629142,55.726744000000004,10.0,2.1443778456671168
11697,37.530199,55.621992,11.0,2.572864356071129
20851,37.449404,55.618692,10.0,2.1443778456671168
18871,37.590965000000004,55.742155000000004,17.0,5.143783418495202
87737,37.608624,55.617848,9.0,2.7246515984928044
99718,37.432656,55.899506,10.0,2.1443778456671168
63080,37.615302,55.745655,8.0,7.177658862908002
45854,37.383902,55.716696,6.0,2.1236617696161173
16953,37.808876,55.771060000000006,10.0,2.1443778456671168
28559,37.568079000000004,55.585562,11.0,2.572864356071129
80204,37.584454,55.755299,14.0,3.94158522256828
31708,37.475911,55.578134000000006,14.0,3.858323887283165
44894,37.620807,55.769206000000004,13.0,4.547559706885668
1336,37.728968,55.667336,10.0,2.1443778456671168
8909,37.583966000000004,55.870487000000004,13.0,3.4298373768791532
91695,37.603977,55.76661,14.0,3.858323887283165
2123,37.599470000000004,55.749515,16.0,4.715296908091189
5075,37.599179,55.735334,15.0,4.703765938232892
36216,37.606416,55.812942,10.0,2.1443778456671168
61130,37.618184,55.754903,12.0,3.001350866475141
33061,37.589411,55.752954,16.0,7.8804193706313
22140,37.594831,55.745716,14.0,8.167216032778047
66361,37.598128,55.76704,12.0,10.073475688971957
61939,37.620051000000004,55.75359,12.0,5.153534191203056
75164,37.622699000000004,55.765541,15.0,4.286810397687177
46420,37.648835,55.755990000000004,9.0,5.445933815635426
76080,37.596852,55.744799,14.0,7.6724374478430235
78215,37.35685,55.701043000000006,10.0,2.1443778456671168
82098,37.754399,55.854861,10.0,2.1443778456671168
27037,37.557353,55.584159,10.0,2.1443778456671168
96005,37.714221,55.852301000000004,10.0,2.1443778456671168
3316,37.606191,55.764958,10.0,4.547559706885668
66041,37.367817,55.704309,10.0,2.1443778456671168
37052,37.777186,55.739167,10.0,2.1443778456671168
57257,37.625383,55.742826,12.0,3.001350866475141
66450,37.592303,55.741426000000004,11.0,2.572864356071129
78366,37.546595,55.836883,10.0,2.1443778456671168
4564,37.809165,55.632105,9.0,2.1236617696161173
88013,37.557439,55.715900000000005,36.0,17.87899836186819
14878,37.811527,55.837806,10.0,2.1443778456671168
92549,37.606689,55.746322,14.0,3.858323887283165
3851,37.636517000000005,55.67197,10.0,2.1443778456671168
89684,37.61848,55.738677,16.0,4.715296908091189
24866,37.597543,55.740315,18.0,5.7595086755204425
31214,37.598363,55.853033,7.0,2.229873013557782
97794,37.600645,55.735553,13.0,3.4298373768791532
8701,37.481273,55.613814000000005,7.0,2.1236617696161173
